,Origin,Destination,Distance,StDateyear,StDatemonth,StDateweek,StDateday,StDatedayofweek,Delay,ETA,PREDICTED_TIME_LINEAR,PREDICTED_TIME_LASSO,PREDICTED_TIME_RIDGE
3600,12,13,335.4135659,2016,11,45,9,2,1,4,5.44964954274227,5.601294247878295,5.581636241532811
3601,13,11,161.5943334,2016,9,37,16,4,6,7,5.80121765239962,5.829172493343856,5.824656652557566
3602,11,22,234.4704,2016,9,39,29,3,6,5,5.6171253403810635,5.668814360461409,5.665548432925684
3603,22,20,624.1703,2016,10,41,10,0,6,4,5.630157090810455,5.770641194710674,5.767393019650219
3604,20,15,5254.9634,2016,10,42,20,3,6,25,22.4293840125711,22.504563220297175,22.49898094033884
3605,12,13,335.4135659,2018,12,49,3,0,1,4,5.424777901074977,5.629123939571917,5.627110869723742
3606,13,11,161.5943334,2018,3,11,17,5,6,8,5.983321858674971,5.861074004378274,5.866030798400095
3607,11,20,506.2098107,2018,3,13,31,5,6,12,6.883074607605662,6.763986401877236,6.768088166509971
3608,20,15,5254.9634,2018,4,16,18,2,6,24,22.59073786275492,22.558038338165403,22.568697795612415
3609,12,13,335.4135659,2018,10,43,25,3,1,8,5.481231589404052,5.595705120593706,5.586134235791443
3610,13,11,161.5943334,2018,3,10,11,6,6,6,6.004213620921446,5.856022737224654,5.857405668216094
3611,11,22,234.4704,2018,11,46,15,3,6,6,5.602255044939428,5.678552463858868,5.686253093796134
3612,22,20,624.1703,2018,11,48,27,1,6,6,5.608265794642795,5.754153314783988,5.761433056264808
3613,20,16,5254.9012060000005,2018,9,37,12,2,6,22,22.409387704240437,22.474326482891094,22.483703795464585
3614,12,13,335.4135659,2019,12,52,27,4,1,7,5.447343934609128,5.5792586372187305,5.572504776428195
3615,13,11,161.5943334,2020,4,14,1,2,6,9,5.95944276415374,5.906738397607153,5.933152542379274
3616,11,20,506.2098107,2020,1,3,19,6,6,10,6.97926529662355,6.785561480154028,6.799638846127467
3617,20,16,5254.9012060000005,2020,4,14,2,3,6,25,22.58074290064991,22.50971001246316,22.52865068341768
3618,12,13,335.4135659,2016,7,29,21,3,1,4,5.548066090523291,5.60411478185668,5.582112194395327
3619,13,11,161.5943334,2016,7,30,26,1,6,7,5.802106722194784,5.8603044027825675,5.86557145701453
3620,11,22,234.4704,2016,8,32,8,0,6,5,5.636687300434689,5.717353992589956,5.721850811734784
3621,22,20,624.1703,2016,8,33,19,4,6,4,5.717593555091158,5.737250463914595,5.722372711794849
3622,20,21,10098.332209999999,2016,8,35,29,0,6,38,39.020996994710956,39.11831720691248,39.12366257475089
3623,21,18,628.8036587,2016,12,49,10,5,6,5,5.908658908843778,5.980707166524331,5.962996354269174
3624,12,13,335.4135659,2015,12,52,25,4,1,6,5.413906458618589,5.5635517939028905,5.536223510607728
3625,13,11,161.5943334,2016,1,53,1,4,6,6,5.809556182717968,6.100776722102699,6.351828960516814
3626,11,20,506.2098107,2016,1,2,13,2,6,13,6.906757853235051,6.806269949145971,6.807258626559198
3627,20,21,10098.332209999999,2016,1,53,2,5,6,39,39.08183013058409,39.346517335242794,39.59102661231581
3628,21,18,628.8036587,2016,3,11,17,3,6,7,6.1058644841952034,6.0425638574734,6.032734842069713
3629,12,13,335.4135659,2017,4,14,4,1,1,7,5.633149490709071,5.656863166123891,5.64690818249195
3630,13,11,161.5943334,2017,12,49,4,0,6,10,5.700874963049964,5.864236417243253,5.876773794447098
3631,11,22,234.4704,2017,4,17,28,4,6,5,5.767902301609956,5.691910919231097,5.692019706809733
3632,22,20,624.1703,2017,9,36,5,1,6,4,5.683227239094501,5.77570724167685,5.775600297965903
3633,20,21,10098.332209999999,2017,5,20,19,4,6,38,39.170033745153575,39.10896949438839,39.107289507636764
3634,21,18,628.8036587,2017,2,6,7,1,6,8,6.128234668837505,6.080646495617826,6.084420952802573
3635,18,17,688.4059453,2017,7,28,16,6,6,9,6.711112552681675,6.655997819432367,6.64494731129532
3636,12,13,335.4135659,2017,10,43,26,3,1,8,5.471595508919743,5.589809866982149,5.57416961452452
3637,13,11,161.5943334,2017,4,15,11,1,6,10,5.9087916194632175,5.892791542071031,5.903954272221307
3638,11,20,506.2098107,2017,11,47,20,0,6,11,6.623170017533921,6.7713708752504544,6.7836989497897395
3639,20,21,10098.332209999999,2017,7,28,12,2,6,37,39.104198777955524,39.12209898020572,39.12589664260229
3640,21,18,628.8036587,2018,1,3,19,4,6,6,6.1818731458027845,6.053980225078686,6.055122609165357
3641,18,17,688.4059453,2018,1,5,31,2,6,7,6.801857317623982,6.721356208860028,6.732434008936378
3642,12,13,335.4135659,2015,12,50,10,3,1,5,5.423287737487568,5.583841127063767,5.5585930095744995
3643,13,11,161.5943334,2015,10,42,18,6,6,9,5.785656595686243,5.801588750039954,5.7884068341543315
3644,11,22,234.4704,2015,2,7,11,2,6,6,5.798253269013328,5.728171021660165,5.7269088799415275
3645,22,20,624.1703,2015,11,46,14,5,6,6,5.647849420712168,5.7139779457937205,5.693452978453417
3646,20,23,644.2606097,2015,11,48,26,3,6,3,5.755235894507022,5.868966465749903,5.855958452354971
3647,23,19,4247.728669,2015,5,20,12,1,6,18,18.371800532216135,18.397016460495323,18.39102852313541
3648,12,13,335.4135659,2017,5,21,25,3,1,5,5.601935641123005,5.617141794629649,5.601882853586568
3649,13,11,161.5943334,2017,5,22,31,2,6,7,5.866777021335826,5.863200793066163,5.872135529760849
3650,11,20,506.2098107,2017,6,24,13,1,6,12,6.774401911983658,6.793651535744335,6.802787058667791
3651,20,23,644.2606097,2017,1,1,7,5,6,5,6.083658294115805,5.9251482018762704,5.914927222741026
3652,23,19,4247.728669,2017,12,49,7,3,6,19,18.243084755707187,18.351287220136143,18.34602955280674
3653,11,22,234.4704,2017,1,2,11,2,6,4,5.844200762302547,5.740076411741812,5.746780610180641
3654,22,20,624.1703,2017,11,45,11,5,6,6,5.6721057494392415,5.722973637222196,5.710386458000967
3655,20,15,5254.9634,2017,11,47,23,3,6,21,22.407237914788112,22.50246941991981,22.503425854653273
3656,11,20,506.2098107,2018,11,46,14,2,6,10,6.66449860880603,6.762084239219021,6.773831854427739
3657,20,15,5254.9634,2018,11,48,30,4,6,25,22.417583730108596,22.49315469570624,22.497602433214347
3658,11,22,234.4704,2016,3,12,25,4,6,2,5.790048399392946,5.694004719608463,5.687574792495292
3659,22,20,624.1703,2016,2,5,4,3,6,3,5.8807084127077776,5.790406147086278,5.779252773597635
3660,20,16,5254.9012060000005,2016,11,44,4,4,6,24,22.377574583944217,22.440222326863577,22.430136798377497
3661,11,20,506.2098107,2015,12,52,25,4,6,13,6.619574377418884,6.717630633356251,6.7090713372297355
3662,20,16,5254.9012060000005,2016,1,2,13,2,6,23,22.5973224648489,22.506301078320885,22.504743073410793
3663,11,22,234.4704,2018,7,30,26,3,6,5,5.689870844179124,5.691503620326625,5.699935633103573
3664,22,20,624.1703,2018,6,23,8,4,6,5,5.801281213585485,5.766331440970628,5.763270904774858
3665,20,21,10098.332209999999,2018,8,33,17,4,6,38,39.10365417725518,39.09974393484961,39.10392838402688
3666,21,18,628.8036587,2018,9,39,30,6,6,7,5.985325566612088,5.983562160256222,5.977229922993329
3667,11,20,506.2098107,2019,3,11,17,6,6,12,6.9236934640416035,6.769909743670926,6.776009113853819
3668,20,21,10098.332209999999,2019,4,14,4,3,6,38,39.22122949054443,39.145271395280616,39.15845603637014
3669,21,18,628.8036587,2019,5,20,18,5,6,6,6.102049738910223,6.027777258832167,6.029828038795385
3670,11,22,234.4704,2015,5,21,21,3,6,6,5.720393932493449,5.693903145119506,5.6880064827352665
3671,22,20,624.1703,2015,2,6,6,4,6,5,5.877740053997451,5.778487448635053,5.763006865413287
3672,20,21,10098.332209999999,2015,6,24,13,5,6,39,39.144978014110826,39.092012837153106,39.07879264721366
3673,21,18,628.8036587,2015,7,31,28,1,6,7,5.9509027575235205,6.030223080305147,6.024822712047518
3674,18,17,688.4059453,2015,10,41,8,3,6,7,6.588529343653077,6.667352537657424,6.656889302466661
3675,11,20,506.2098107,2016,7,28,13,2,6,11,6.7530242744874105,6.773403599135166,6.772748063723183
3676,20,21,10098.332209999999,2016,7,30,30,5,6,38,39.10678291568488,39.075653148454535,39.06514934947875
3677,21,18,628.8036587,2016,12,49,9,4,6,4,5.897858160302453,5.990837789013703,5.9762029407140975
3678,18,17,688.4059453,2016,9,38,22,3,6,6,6.6055098700388,6.664516325311075,6.657563035458201
3679,11,22,234.4704,2016,6,24,15,2,6,5,5.702522267632746,5.704224506772624,5.70324367676926
3680,22,20,624.1703,2016,6,25,26,6,6,4,5.783428522289215,5.724120978097263,5.703765576829321
3681,20,23,644.2606097,2016,6,23,7,1,6,6,5.898776805280702,5.929818786864569,5.924216635109344
3682,23,19,4247.728669,2016,7,29,18,0,6,18,18.311204534391862,18.392957050968697,18.39223501741479
3683,11,20,506.2098107,2015,8,32,6,3,6,10,6.737604623928979,6.762342195511456,6.756215824566999
3684,20,23,644.2606097,2015,6,26,24,2,6,6,5.874775278168956,5.906429015886776,5.896878277861942
3685,23,19,4247.728669,2015,6,23,7,6,6,18,18.414204124065762,18.348533004731042,18.32663879648016
3686,13,11,161.5943334,2017,10,43,25,2,6,9,5.746527902837718,5.840948220754415,5.849003746959722
3687,11,22,234.4704,2017,9,37,11,0,6,6,5.6145412026517025,5.71526019221259,5.726295726049228
3688,22,20,624.1703,2017,11,47,21,1,6,5,5.6087207278636395,5.753337416508181,5.754049891258811
3689,20,15,5254.9634,2017,2,6,12,6,6,24,22.690422555943847,22.531535788139404,22.52473485209437
3690,13,11,161.5943334,2019,11,45,6,2,6,9,5.764290926654498,5.859987739995864,5.879157651323856
3691,11,20,506.2098107,2019,6,26,26,2,6,13,6.7842927940832976,6.7851527098065745,6.804346802234859
3692,20,15,5254.9634,2019,7,29,15,0,6,23,22.50190565678276,22.567761661750303,22.58982030835118
3693,13,11,161.5943334,2015,1,4,22,3,6,6,5.973763704478577,5.876200787188527,5.875210981482196
3694,11,22,234.4704,2015,3,10,2,0,6,5,5.762498198100337,5.746664837756292,5.749176648777132
3695,22,20,624.1703,2015,2,7,14,5,6,6,5.878449788833622,5.763277470809928,5.745218822707438
3696,20,16,5254.9012060000005,2015,2,9,26,3,6,21,22.552480914166125,22.48131397054498,22.47639600201304
3697,13,11,161.5943334,2017,11,45,6,0,6,9,5.723417268603226,5.868458477751492,5.88164158167986
3698,11,20,506.2098107,2017,6,26,26,0,6,10,6.7434191360320295,6.793623447562203,6.806830732590862
3699,20,16,5254.9012060000005,2017,12,49,7,3,6,22,22.343776596628786,22.446946787120517,22.445858762595655
3700,13,11,161.5943334,2018,1,2,8,0,6,9,5.985344881771136,5.926562955032431,5.948310297892361
3701,11,22,234.4704,2018,8,33,16,3,6,5,5.678270693322128,5.693673277009204,5.701578838672939
3702,22,20,624.1703,2018,8,35,27,0,6,6,5.673480694484175,5.779404750423696,5.789965387586536
3703,20,21,10098.332209999999,2018,8,32,9,3,6,40,39.10294444241901,39.114953912674736,39.121716426732725
3704,21,18,628.8036587,2018,10,43,24,2,6,7,5.919580266893528,6.019862589705472,6.02518848154026
3705,13,11,161.5943334,2018,8,31,1,2,6,7,5.840761508258039,5.874292654870395,5.887100231194664
3706,11,20,506.2098107,2018,1,3,21,6,6,9,6.959993135654928,6.773770972930912,6.775709603593624
3707,20,21,10098.332209999999,2018,5,18,2,2,6,41,39.17825035596554,39.14528470365019,39.154830214315375
3708,21,18,628.8036587,2018,3,12,24,5,6,8,6.1366471285413215,6.029013764382018,6.025669455452784
3709,13,11,161.5943334,2017,12,49,6,2,6,6,5.722476460132613,5.843975172264509,5.850360621557252
3710,11,22,234.4704,2017,6,25,24,5,6,5,5.734469580035876,5.674648537580312,5.671007082440491
3711,22,20,624.1703,2017,5,18,7,6,6,6,5.845028808451124,5.74816399636925,5.732412817570575
3712,20,21,10098.332209999999,2017,7,29,17,0,6,40,39.07250626716772,39.13728086984871,39.14772835923121
3713,21,18,628.8036587,2017,1,2,9,0,6,8,6.1391250848583265,6.0936868167603695,6.100565789939056
3714,18,17,688.4059453,2017,9,37,15,4,6,10,6.636037712769584,6.665360311769014,6.660902526541124
3715,13,11,161.5943334,2017,1,3,18,2,6,6,5.9872192846643255,5.895327101106375,5.905351047474669
3716,11,20,506.2098107,2017,1,5,30,0,6,12,6.865370536512371,6.818500743584082,6.833821588474395
3717,20,21,10098.332209999999,2017,2,7,17,4,6,39,39.248602816509624,39.12802739310392,39.128403862137176
3718,21,18,628.8036587,2017,3,9,4,5,6,5,6.157284089172466,6.038356576777719,6.027449202968635
3719,18,17,688.4059453,2017,4,15,14,4,6,8,6.766377844972846,6.692692239416514,6.688615765603176
3720,13,11,161.5943334,2019,11,45,10,6,6,8,5.807493920819793,5.819465250038375,5.826331305544164
3721,11,22,234.4704,2019,10,43,25,4,6,5,5.634292024822054,5.672147438298474,5.683367923048765
3722,22,20,624.1703,2019,5,19,11,5,6,5,5.843409207173268,5.7650057707459865,5.764967190288415
3723,20,23,644.2606097,2019,11,46,16,5,6,5,5.830456894990517,5.874570774758503,5.874989457807443
3724,23,19,4247.728669,2019,11,48,27,2,6,19,18.243825432572287,18.362192344349612,18.374288800235497
3725,13,11,161.5943334,2018,8,32,7,1,6,7,5.819869746011564,5.879343922024015,5.895725361378661
3726,11,20,506.2098107,2018,7,29,21,5,6,13,6.79460766737485,6.749722883554414,6.752476090661331
3727,20,23,644.2606097,2018,9,36,8,5,6,5,5.885236312031919,5.8859659909798605,5.87999378698669
3728,23,19,4247.728669,2018,8,34,20,0,6,20,18.298694517093182,18.396758504202886,18.40864455299615
3729,10,14,46.8502718,2019,7,27,7,6,0,6,4.6393520886789865,4.617654882408126,4.600483543183509
3730,14,11,746.6292581,2019,7,28,13,5,6,3,7.811685797823975,7.765728769820388,7.775477146194705
3731,11,13,134.246,2019,7,30,22,0,6,2,5.864199156497071,5.928242853659169,5.955537254716413
3732,13,20,481.93501849999996,2019,7,31,30,1,6,7,6.394390164695947,6.442727932284365,6.46326969910171
3733,20,15,5254.9634,2019,12,49,8,6,6,23,22.45655204323775,22.489804709838072,22.49203046314144
3734,10,14,46.8502718,2017,3,10,12,6,0,2,4.718637881646332,4.6252072488435845,4.596747832759233
3735,14,13,872.8668682,2017,5,19,12,4,6,6,8.156090516663559,8.095549342308964,8.095682291280534
3736,13,20,481.93501849999996,2017,12,50,17,6,6,7,6.329054655346143,6.368190450974144,6.359338654063974
3737,20,15,5254.9634,2017,12,52,30,5,6,22,22.396206092612346,22.47290675909707,22.467563438269735
3738,10,14,46.8502718,2015,3,9,1,6,0,2,4.714563580329559,4.626370268086613,4.5889772657335275
3739,14,11,746.6292581,2015,5,18,1,4,6,5,7.831863070817816,7.777443018826837,7.769371417265331
3740,11,13,134.246,2015,1,3,16,4,6,5,6.038640408115734,5.911271587587462,5.907451198754396
3741,13,20,481.93501849999996,2015,1,5,27,1,6,5,6.515537408444159,6.461199800834395,6.46342853265846
3742,20,16,5254.9012060000005,2015,7,27,2,3,6,23,22.459951413810124,22.470362378675294,22.461219978371076
3743,10,14,46.8502718,2016,8,35,29,0,0,2,4.483584136595356,4.637525736513501,4.622565122317026
3744,14,13,872.8668682,2016,8,35,31,2,6,8,8.018564249598443,8.079556454518555,8.081060729243882
3745,13,20,481.93501849999996,2016,9,37,14,2,6,3,6.353082370070355,6.4192508623254785,6.4174556599947525
3746,20,16,5254.9012060000005,2016,9,38,23,4,6,22,22.401626026649318,22.437195375353483,22.42877992377997
3747,10,14,46.8502718,2015,4,15,12,6,0,6,4.672690388357109,4.613301858761935,4.576876102520119
3748,14,11,746.6292581,2015,10,42,12,0,6,4,7.638137917038952,7.780474870465321,7.785321611461127
3749,11,13,134.246,2015,12,51,20,6,6,4,5.775317053256368,5.8294997030953475,5.816884687425281
3750,13,20,481.93501849999996,2015,12,53,30,2,6,7,6.2414133050434675,6.389558538831652,6.386068607774268
3751,20,21,10098.332209999999,2016,12,48,1,3,6,40,38.995205341219574,39.08889988712879,39.08217510835025
3752,21,18,628.8036587,2016,2,8,27,5,6,4,6.140768414117078,6.022757679522206,6.0085375366929075
3753,10,14,46.8502718,2015,9,37,7,0,0,3,4.477545764905901,4.646753666050669,4.628402382127613
3754,14,13,872.8668682,2015,12,50,7,0,6,8,7.91405759145252,8.092612454029064,8.096055880526306
3755,13,20,481.93501849999996,2015,7,30,26,6,6,3,6.425047445117178,6.381447331857416,6.36553695731755
3756,20,21,10098.332209999999,2015,4,15,8,2,6,37,39.166900252307414,39.134615819118395,39.13079990073367
3757,21,18,628.8036587,2015,9,38,16,2,6,4,5.928412190645707,6.019352415845182,6.0103210804804
3758,10,14,46.8502718,2017,8,35,30,2,0,3,4.514821714162316,4.623159745146316,4.6081165706941025
3759,14,11,746.6292581,2017,2,6,9,3,6,4,7.903705694949311,7.805468520788713,7.811462925236368
3760,11,13,134.246,2017,12,49,9,5,6,2,5.79886364714727,5.853705372348948,5.85160620967868
3761,13,20,481.93501849999996,2017,9,38,20,2,6,5,6.352627436849511,6.420066760601284,6.42483882500075
3762,20,21,10098.332209999999,2017,1,2,10,1,6,37,39.24798274915295,39.16640831456097,39.17554332842443
3763,21,18,628.8036587,2017,11,46,13,0,6,6,5.876742538469573,6.036398237755238,6.041280238732549
3764,18,17,688.4059453,2017,11,47,25,5,6,7,6.582422963785197,6.637939219446725,6.630726989650034
3765,10,14,46.8502718,2015,3,11,9,0,0,3,4.6295770616713074,4.676995292351342,4.659053871881218
3766,14,13,872.8668682,2015,6,24,9,1,6,6,8.077740777750366,8.114035819695431,8.115430320376197
3767,13,20,481.93501849999996,2015,9,38,18,4,6,5,6.360063618910241,6.395889179529815,6.386073628824279
3768,20,21,10098.332209999999,2015,9,40,29,1,6,40,38.99548633044737,39.10217644795301,39.102548879333774
3769,21,18,628.8036587,2015,11,46,14,5,6,6,5.916580966154276,5.981828789215653,5.962895283221309
3770,18,17,688.4059453,2015,11,48,26,3,6,7,6.536565137975474,6.649204772996994,6.64020668299233
3771,10,14,46.8502718,2019,1,4,25,4,0,3,4.742062270219636,4.656856773245483,4.649592446667798
3772,14,11,746.6292581,2019,1,5,28,0,6,7,7.881993733740648,7.835322528125863,7.864205809013766
3773,11,13,134.246,2019,10,40,2,2,6,5,5.840058046312469,5.908098861537345,5.927542705732536
3774,13,20,481.93501849999996,2019,2,8,21,3,6,5,6.558976230660358,6.458815055854071,6.474939831158446
3775,20,23,644.2606097,2019,4,14,3,2,6,7,5.992810279095513,5.949585039707037,5.959291406650431
3776,23,19,4247.728669,2019,3,11,17,6,6,20,18.51356623473385,18.374281305861466,18.373664350916506
3777,10,14,46.8502718,2018,3,11,17,5,0,4,4.707382199884165,4.636153769608762,4.617337584210153
3778,14,13,872.8668682,2018,3,12,21,2,6,7,8.178267556475474,8.123758244724923,8.137284667100696
3779,13,20,481.93501849999996,2018,3,9,4,6,6,5,6.5877708493799805,6.430919216563284,6.42837295902436
3780,20,23,644.2606097,2018,4,15,14,5,6,3,6.005485430530028,5.908218563291609,5.903125569787813
3781,23,19,4247.728669,2018,4,17,23,0,6,20,18.397252471029148,18.416101377861462,18.428838085105717
3782,14,11,746.6292581,2018,11,47,22,3,6,5,7.662559379901859,7.7519055387125615,7.7624987897274185
3783,11,13,134.246,2018,3,11,12,0,6,3,5.973303057359027,5.951849184377691,5.972929078080908
3784,13,20,481.93501849999996,2018,12,50,12,2,6,4,6.295487741665154,6.414608194543192,6.424129621110589
3785,20,15,5254.9634,2018,12,51,22,5,6,22,22.41593318680181,22.483881368044383,22.484109515797584
3786,14,13,872.8668682,2017,8,33,14,0,6,7,8.026780860410407,8.115871663780363,8.128601435922496
3787,13,20,481.93501849999996,2017,8,34,27,6,6,3,6.417521595576956,6.382453969296966,6.374950729912614
3788,20,15,5254.9634,2017,5,19,9,1,6,22,22.55784974188117,22.56313100187073,22.569653429818572
3789,14,11,746.6292581,2017,9,38,19,1,6,6,7.685646286155462,7.7784826445769095,7.789334835535589
3790,11,13,134.246,2017,1,2,10,1,6,6,6.030494491218834,5.950659146484055,5.964004437636715
3791,13,20,481.93501849999996,2017,10,41,13,4,6,5,6.361777642084052,6.4006628104500525,6.398139321139064
3792,20,16,5254.9012060000005,2017,10,43,24,1,6,22,22.346226542251237,22.464181080589167,22.470915060887975
3793,14,13,872.8668682,2015,2,8,18,2,6,7,8.178710748504736,8.120793439239012,8.12169488286232
3794,13,20,481.93501849999996,2015,3,10,3,1,6,6,6.499874697461978,6.46668138397011,6.465507790434506
3795,20,16,5254.9012060000005,2015,3,11,15,6,6,21,22.58082059966491,22.45423402953,22.43721229488495
3796,14,11,746.6292581,2019,11,45,4,0,6,3,7.659975242172502,7.79835137046374,7.823246082850959
3797,11,13,134.246,2019,4,16,20,5,6,6,6.005160702282664,5.899102271553463,5.911341060170729
3798,13,20,481.93501849999996,2019,2,6,5,1,6,3,6.557556760988012,6.48923501150432,6.5105159165701405
3799,20,21,10098.332209999999,2019,11,45,5,1,6,39,39.01496337743796,39.1259895981147,39.14476847601269
3800,21,18,628.8036587,2019,6,26,25,1,6,7,6.016973552772479,6.055231339464978,6.070553221361669
3801,14,13,872.8668682,2017,3,12,25,5,6,8,8.201033721615138,8.08747112364525,8.085700286499007
3802,13,20,481.93501849999996,2017,8,31,4,4,6,7,6.426193139609763,6.417953280282969,6.415108271585234
3803,20,21,10098.332209999999,2017,4,16,21,4,6,39,39.19257605070684,39.11319155489663,39.112157294869526
3804,21,18,628.8036587,2017,5,18,6,5,6,5,6.1029596053519075,6.026145462280555,6.01506170878339
3805,14,11,746.6292581,2016,10,42,19,2,6,5,7.664268648659215,7.758234707967743,7.7592958405909815
3806,11,13,134.246,2016,10,43,30,6,6,5,5.824079757909386,5.834652544737924,5.8250781273693075
3807,13,20,481.93501849999996,2016,10,41,11,1,6,7,6.319739315975772,6.425159424306612,6.425794459206914
3808,20,21,10098.332209999999,2016,11,47,23,2,6,37,38.976673857116054,39.088014504119144,39.08650511324516
3809,21,18,628.8036587,2017,5,18,1,0,6,5,6.048955862645284,6.076798574727416,6.081094641008006
3810,18,17,688.4059453,2017,1,3,16,0,6,6,6.790801767467331,6.745880910898718,6.756045473081153
3811,14,13,872.8668682,2018,1,2,9,1,6,8,8.23358458744209,8.153804060757343,8.171319277074195
3812,13,20,481.93501849999996,2018,9,37,15,5,6,7,6.404756776662948,6.400649502080478,6.401765143193826
3813,20,21,10098.332209999999,2018,9,39,28,4,6,41,39.06178098528273,39.086675525524925,39.09182722081347
3814,21,18,628.8036587,2018,11,46,14,2,6,5,5.907980116036535,6.022032246388051,6.026831687109626
3815,18,17,688.4059453,2018,11,47,25,6,6,7,6.602859792810831,6.633703850568912,6.6294850244720305
3816,14,11,746.6292581,2015,1,1,2,4,6,4,7.9321233067360115,7.7994106161955425,7.7934240224573035
3817,11,13,134.246,2015,11,45,2,0,6,3,5.753236894971986,5.904664209211326,5.910154905849433
3818,13,20,481.93501849999996,2015,2,8,20,4,6,6,6.53633950321114,6.432977590048859,6.425451978893056
3819,20,23,644.2606097,2015,4,14,3,4,6,5,5.98097430018762,5.913616951412452,5.8965969679401145
3820,23,19,4247.728669,2015,3,11,15,6,6,20,18.480128758743312,18.358574462545626,18.337383085096036
3821,14,13,872.8668682,2015,10,44,28,2,6,5,7.959710531240271,8.069324257540227,8.068285833038933
3822,13,20,481.93501849999996,2015,8,33,11,1,6,7,6.359443551553563,6.434270100986858,6.433213095111531
3823,20,23,644.2606097,2015,11,47,21,5,6,4,5.786928405294821,5.853784576106911,5.83412673572605
3824,23,19,4247.728669,2015,1,3,12,0,6,16,18.461260019593006,18.429114680353404,18.428287714772303
3825,19,23,4247.728669,2015,10,42,14,2,5,19,18.351067534933634,18.460014811887046,18.44794890439413
3826,23,20,644.2606097,2015,7,28,11,5,6,4,5.695232439595257,5.67823762117345,5.656677603269246
3827,20,13,481.93501849999996,2015,11,47,17,1,6,5,5.784305675338038,5.938685518547661,5.935261799364101
3828,13,14,872.8668682,2015,11,48,28,5,6,5,8.040283214320334,8.103934750555096,8.09401983652827
3829,19,23,4247.728669,2016,8,34,25,3,5,20,18.410630988127977,18.455037031040252,18.44293575789323
3830,23,20,644.2606097,2016,9,38,19,0,6,6,5.582193574891653,5.710933708123626,5.708058523608601
3831,20,13,481.93501849999996,2016,1,1,10,6,6,3,6.124552085390212,5.952188416403535,5.936135196346337
3832,13,11,134.246,2016,10,41,10,0,6,6,5.6397340900352635,5.769770872073346,5.7768965315293475
3833,11,14,746.6292581,2016,10,42,22,5,6,7,7.906255700337903,7.931579017908099,7.9245521218032255
3834,17,18,688.4059453,2018,2,5,3,5,4,9,6.561514012137627,6.4339094531858265,6.4258381428754365
3835,18,21,628.8036587,2018,3,11,15,3,6,4,6.334721451218536,6.258090542104991,6.261540125150573
3836,21,20,10098.332209999999,2018,3,12,25,6,6,37,39.175643190817695,39.03382320304645,39.03235498042249
3837,20,13,481.93501849999996,2018,7,27,5,3,6,3,5.9576884219872195,5.9615044410839655,5.9651736353789335
3838,13,14,872.8668682,2018,5,20,16,2,6,7,8.203895688378305,8.184538544699672,8.197770642692047
3839,17,18,688.4059453,2017,1,2,14,5,4,9,6.563478082510306,6.425844542891689,6.412230316039148
3840,18,21,628.8036587,2017,1,4,27,4,6,8,6.371730857668039,6.246741793539851,6.243452572184529
3841,21,20,10098.332209999999,2017,10,40,2,0,6,41,38.946811044177075,39.064406708233705,39.07327351336058
3842,20,13,481.93501849999996,2017,3,13,29,2,6,6,6.005536505782095,5.969844617613097,5.972864763883729
3843,13,11,134.246,2017,10,40,4,2,6,3,5.681062681307372,5.760484236041911,5.767029436167347
3844,11,14,746.6292581,2017,4,16,19,2,6,5,8.036371972954763,7.999420127143514,8.008717528699732
3845,18,21,628.8036587,2019,12,51,22,6,6,6,6.137770677482441,6.1818397716066045,6.181396759650182
3846,21,20,10098.332209999999,2020,3,9,1,6,6,39,39.22603953389289,39.06216413813189,39.07195812828031
3847,20,13,481.93501849999996,2020,2,8,17,0,6,5,6.047178851393019,6.019717762980639,6.048480117150431
3848,13,14,872.8668682,2020,2,9,28,4,6,6,8.30315639037532,8.184966994988072,8.207238154314608
3849,18,21,628.8036587,2017,4,15,14,4,6,4,6.314194954713409,6.239154967350887,6.23343066674717
3850,21,20,10098.332209999999,2017,4,17,24,0,6,39,39.069420440818135,39.0807226303822,39.09211017087262
3851,20,13,481.93501849999996,2017,8,31,6,6,6,3,5.958763422564742,5.922307621351118,5.910651004085684
3852,13,11,134.246,2017,6,24,17,5,6,5,5.801931867162159,5.744355886896617,5.7430217526812175
3853,11,14,746.6292581,2017,6,26,28,2,6,4,7.971956475429055,7.9821296573105975,7.991748578253562
3854,16,20,5254.9012060000005,2018,11,44,3,5,3,24,22.14517383644656,22.199968443093837,22.188043966638133
3855,20,13,481.93501849999996,2018,7,27,4,2,6,6,5.946887673445895,5.971635063573338,5.978380221823857
3856,13,14,872.8668682,2018,4,16,19,3,6,7,8.237238742472892,8.178629982718538,8.189431843479886
3857,16,20,5254.9012060000005,2018,4,13,1,6,3,24,22.340639201011705,22.229380862749128,22.21493811344051
3858,20,13,481.93501849999996,2018,1,5,31,2,6,5,6.061108338364042,5.985496354096197,5.996494496157377
3859,13,11,134.246,2018,11,44,2,4,6,6,5.690609094312185,5.7432085460215525,5.749642633852863
3860,11,14,746.6292581,2018,2,8,23,4,6,4,8.11354530261936,7.994810618647868,8.005934088083533
3861,15,20,5254.9634,2019,6,23,9,6,2,22,22.236182404311393,22.176169653610444,22.164760167826635
3862,20,13,481.93501849999996,2019,9,40,30,0,6,5,5.841084859197503,5.9665753881785335,5.987974233292887
3863,13,14,872.8668682,2019,11,45,10,6,6,5,8.114794479967658,8.12474903738882,8.130838884686591
3864,15,20,5254.9634,2015,12,50,7,0,2,21,21.974966985611232,22.18461320173935,22.170555938119975
3865,20,13,481.93501849999996,2015,4,15,8,2,6,7,5.9898620536083325,5.973177293538706,5.9667374024273965
3866,13,11,134.246,2015,8,34,17,0,6,6,5.669347311907904,5.77380219341784,5.7797337111730425
3867,11,14,746.6292581,2015,8,35,29,5,6,6,7.935868922210544,7.935610339252593,7.9273893014469206
3868,19,23,4247.728669,2019,2,8,20,2,5,18,18.583323200778338,18.517032126230166,18.528476307516137
3869,23,20,644.2606097,2019,3,11,15,4,6,6,5.816427120980441,5.723417960637237,5.726358987644202
3870,20,13,481.93501849999996,2019,3,13,27,2,6,5,6.02480866675071,5.981635124836215,5.996794006417572
3871,13,14,872.8668682,2019,7,27,4,3,6,5,8.190190060993684,8.178250771996199,8.193304095850648
3872,14,10,46.8502718,2019,4,16,18,3,6,2,5.468028327106685,5.409796987761742,5.426994701133692
3873,19,23,4247.728669,2018,12,52,24,0,5,16,18.28885193583151,18.472797176737156,18.48170977139136
3874,23,20,644.2606097,2019,1,3,14,0,6,7,5.81915987891278,5.773696933466267,5.790850444430623
3875,20,13,481.93501849999996,2019,1,4,27,6,6,5,6.1240384267187995,5.9559484730860195,5.96021422790553
3876,13,11,134.246,2019,7,27,2,1,6,4,5.765549742117374,5.797526178904738,5.819491010022917
3877,11,14,746.6292581,2019,2,7,17,6,6,5,8.154873893891468,7.985523982616435,7.996066992721532
3878,14,10,46.8502718,2019,2,9,28,3,6,4,5.503873065499173,5.414474115297532,5.434078355879494
3879,17,18,688.4059453,2016,3,11,17,3,4,7,6.47621373914056,6.425374696051579,6.410432300394424
3880,18,21,628.8036587,2016,3,13,28,0,6,6,6.262865017215644,6.266533191678485,6.268067729429651
3881,21,20,10098.332209999999,2016,9,35,4,6,6,39,39.034612774199125,39.00702913552992,38.991518616917816
3882,20,13,481.93501849999996,2016,5,21,24,1,6,5,5.940866206641056,5.9669482273295,5.966300691137411
3883,13,14,872.8668682,2016,4,14,6,2,6,7,8.227347860373248,8.187128808656299,8.187872099912811
3884,14,10,46.8502718,2016,6,24,17,4,6,5,5.405687364079677,5.374848845276283,5.370088212963685
3885,17,18,688.4059453,2017,6,22,1,3,4,6,6.430016198652469,6.426307847184306,6.416234089306391
3886,18,21,628.8036587,2017,1,3,16,0,6,6,6.338618877207894,6.292343638833092,6.300860374225147
3887,21,20,10098.332209999999,2017,1,4,28,5,6,39,39.201142113889695,39.04781505479579,39.045262056607214
3888,20,13,481.93501849999996,2017,3,11,14,1,6,7,6.0149177846510735,5.990133950773975,5.9952342628505
3889,13,11,134.246,2017,3,13,27,0,6,2,5.803761745427936,5.79997110182231,5.815217517260789
3890,11,14,746.6292581,2017,4,14,4,1,6,3,8.045753251823742,8.01970946030439,8.031087027666503
3891,14,10,46.8502718,2017,4,15,13,3,6,6,5.45884717984322,5.403085835874378,5.407646914860775
3892,18,21,628.8036587,2019,2,9,25,0,6,5,6.316017846204064,6.291065736731531,6.312688453545581
3893,21,20,10098.332209999999,2019,8,31,3,5,6,38,39.07441143167288,39.03775521750714,39.04355731785506
3894,20,13,481.93501849999996,2019,4,16,21,6,6,3,6.056411510059016,5.943282291561305,5.945610866207245
3895,13,14,872.8668682,2019,4,18,30,1,6,8,8.205091298464248,8.194627770637336,8.218646725114803
3896,14,10,46.8502718,2019,5,20,14,1,6,4,5.423884524470777,5.425836172232248,5.448540086790777
3897,18,21,628.8036587,2017,10,43,26,3,6,8,6.130329741005257,6.207572891013015,6.204893314375431
3898,21,20,10098.332209999999,2017,9,37,11,0,6,40,38.95926233602518,39.06354941340619,39.07355984433242
3899,20,13,481.93501849999996,2017,12,52,25,0,6,3,5.755036922560221,5.943431061285766,5.9513711656019606
3900,13,11,134.246,2018,3,9,1,3,6,3,5.886164126356826,5.795791909308763,5.8058882042366395
3901,11,14,746.6292581,2018,12,48,1,5,6,7,7.901476418601421,7.946396476641308,7.949838238934602
3902,14,10,46.8502718,2018,1,4,25,3,6,2,5.526019163282159,5.416567915674898,5.429633441565057
3903,16,20,5254.9012060000005,2019,2,8,23,5,3,24,22.355137243936873,22.239925155714342,22.2380300633763
3904,20,13,481.93501849999996,2019,3,12,22,4,6,7,6.056501177538513,5.966453235193223,5.974962289788651
3905,13,14,872.8668682,2019,4,14,4,3,6,4,8.267056850367505,8.194683947001602,8.210559377268654
3906,14,10,46.8502718,2019,4,15,14,6,6,4,5.510521586435813,5.384484475629377,5.391956398059845
3907,16,20,5254.9012060000005,2018,4,14,5,3,3,23,22.298145941682584,22.25469337488149,22.24997641651435
3908,20,13,481.93501849999996,2018,5,22,30,2,6,7,5.960848102445846,5.9635287567274915,5.9724418909654045
3909,13,11,134.246,2018,12,49,6,3,6,4,5.647175026512448,5.7440377526669355,5.753399976804099
3910,11,14,746.6292581,2018,6,25,22,4,6,7,8.013285066701163,7.972843021279163,7.981881482891561
3911,14,10,46.8502718,2018,5,19,7,0,6,2,5.413538709150293,5.435150896445814,5.454363508229703
3912,15,20,5254.9634,2015,3,10,8,6,2,23,22.278760576703554,22.175583623444943,22.143804646882977
3913,20,13,481.93501849999996,2015,8,35,28,4,6,3,5.882632555639562,5.918335108894128,5.90638632864521
3914,13,14,872.8668682,2015,6,24,9,1,6,4,8.147602379768601,8.18194787883159,8.183722333891863
3915,14,10,46.8502718,2015,9,38,16,2,6,3,5.29344997037156,5.376888839287774,5.3762067826961
3916,15,20,5254.9634,2019,1,5,29,1,2,25,22.273857020969658,22.236461996071927,22.24403958715201
3917,20,13,481.93501849999996,2019,2,9,25,0,6,7,6.027451757203556,6.008743154033327,6.031934039622586
3918,13,11,134.246,2019,10,40,3,3,6,6,5.711135590817319,5.762144120775655,5.777752092256266
3919,11,14,746.6292581,2019,3,12,22,4,6,7,8.098936795568177,7.993859088041058,8.009171849035289
3920,14,10,46.8502718,2019,4,14,4,3,6,5,5.488210354516989,5.419955698433247,5.43615761365554
3921,19,23,4247.728669,2016,11,46,16,2,5,20,18.3339056049091,18.45512619571504,18.44539805572228
3922,23,20,644.2606097,2016,11,45,12,5,6,5,5.602054861188021,5.658228191851105,5.638801009720586
3923,20,11,506.2098107,2016,12,51,22,3,6,11,5.99463945895617,6.1196531614371175,6.112618660314238
3924,11,13,134.246,2017,8,31,1,1,6,9,5.864309620623088,5.918650091300766,5.929207543828861
3925,19,23,4247.728669,2019,6,26,30,6,5,17,18.516174945320287,18.449462683568218,18.447015900283553
3926,23,20,644.2606097,2019,7,30,22,0,6,6,5.654484145468876,5.734438866264645,5.74982888879248
3927,20,22,624.1703,2019,3,10,8,4,6,3,6.0266561464889765,5.923171626004839,5.927145297949929
3928,22,11,234.4704,2019,12,49,8,6,6,5,4.8633644569989745,4.9078804943320815,4.907099476084058
3929,11,13,134.246,2019,8,34,23,4,6,9,5.885710986100223,5.884810665048509,5.89977265824516
3930,17,18,688.4059453,2015,7,27,5,6,4,9,6.415619809996107,6.382698227779475,6.35481306319131
3931,18,21,628.8036587,2015,5,21,20,2,6,6,6.235703809645267,6.241119105057166,6.2334611165957785
3932,21,20,10098.332209999999,2015,1,2,6,1,6,38,39.163955832112784,39.09457991933208,39.09489929162214
3933,20,11,506.2098107,2015,7,29,15,2,6,9,6.109649608080494,6.1590946290928255,6.153151083801509
3934,11,13,134.246,2015,7,31,30,3,6,10,5.853072912425352,5.87706478753946,5.8750547733002545
3935,17,18,688.4059453,2017,7,30,24,0,4,7,6.334707592654626,6.432160232801175,6.432660236364699
3936,18,21,628.8036587,2017,4,14,8,5,6,5,6.335086716959884,6.234103700197267,6.224805536563169
3937,21,20,10098.332209999999,2017,8,33,15,1,6,39,38.99175424912865,39.05632848956999,39.063291508579056
3938,20,22,624.1703,2017,9,39,29,4,6,5,5.825079647639496,5.865901426473792,5.858820196879703
3939,22,11,234.4704,2017,10,41,10,1,6,5,4.834322023439137,4.9538748587172385,4.957009203699153
3940,11,13,134.246,2017,10,42,21,5,6,10,5.833006103557521,5.855757776174608,5.854830791342076
3941,18,21,628.8036587,2017,5,21,25,3,6,4,6.260669873208519,6.234904818660516,6.2326065534374795
3942,21,20,10098.332209999999,2017,4,14,6,3,6,39,39.13209572755757,39.06556882892133,39.06623478032063
3943,20,11,506.2098107,2017,7,29,19,2,6,11,6.123814923102417,6.163010965185547,6.165503107088133
3944,11,13,134.246,2017,5,19,8,0,6,6,5.919433506759313,5.938822171604722,5.953158418889666
3945,18,21,628.8036587,2017,3,12,24,4,6,8,6.325795105570402,6.236985310668308,6.231787461177804
3946,21,20,10098.332209999999,2017,7,27,4,1,6,41,39.033627441101096,39.06939689889468,39.075392671792464
3947,20,22,624.1703,2017,5,21,24,2,6,6,5.911275977206847,5.909272538591798,5.908078821598837
3948,22,11,234.4704,2017,5,18,6,5,6,3,5.017956163512848,4.945763651743002,4.936477553242431
3949,11,13,134.246,2017,6,24,14,2,6,10,5.909252825574667,5.9105718726370515,5.919225539047334
3950,16,20,5254.9012060000005,2018,6,25,19,1,3,24,22.20203793336907,22.25258479469157,22.254839182697104
3951,20,11,506.2098107,2018,7,29,16,0,6,11,6.111849506504077,6.189167463775851,6.203880901244899
3952,11,13,134.246,2018,2,6,8,3,6,6,6.0400409042236465,5.933383456463696,5.946617635322228
3953,16,20,5254.9012060000005,2017,4,14,9,6,3,22,22.32091210682224,22.218406253801817,22.19839203591266
3954,20,22,624.1703,2017,9,39,29,4,6,4,5.825079647639496,5.865901426473792,5.858820196879703
3955,22,11,234.4704,2017,9,36,10,6,6,4,4.9209590854041725,4.9125231621143675,4.900425514968221
3956,11,13,134.246,2017,10,42,19,3,6,9,5.811404606474875,5.876019021153352,5.881243964231922
3957,15,20,5254.9634,2016,2,8,22,0,2,21,22.22169673912729,22.229764152554143,22.221065978824335
3958,20,11,506.2098107,2016,3,11,16,2,6,12,6.222827810259224,6.181537940568319,6.178313474191702
3959,11,13,134.246,2016,3,9,4,4,6,9,6.017415917966014,5.90969489786859,5.905336402289221
3960,15,20,5254.9634,2017,5,20,17,2,2,24,22.18530740003446,22.20273197966224,22.19201406550313
3961,20,22,624.1703,2017,12,49,6,2,6,4,5.756884402298484,5.884967562454392,5.881722457134318
3962,22,11,234.4704,2017,6,25,22,3,6,2,4.944390460752597,4.947877132061317,4.946208106657947
3963,11,13,134.246,2017,6,26,30,4,6,7,5.910672295247009,5.880151916986803,5.883649453635639
3964,19,23,4247.728669,2015,9,40,30,2,5,16,18.353427813076593,18.454078161723782,18.44365377910505
3965,23,20,644.2606097,2015,10,43,21,2,6,6,5.566632518178276,5.683349964819724,5.671808705205363
3966,20,11,506.2098107,2015,2,7,11,2,6,9,6.242543163257102,6.190363642305522,6.186652932487165
3967,19,23,4247.728669,2016,11,44,4,4,5,19,18.375689129402055,18.4450236614078,18.428147795354278
3968,23,20,644.2606097,2016,5,18,5,3,6,5,5.742575674575933,5.7138104184662755,5.700447128624967
3969,20,22,624.1703,2016,5,20,16,0,6,6,5.890129413345042,5.928717885294738,5.927108829482686
3970,22,11,234.4704,2016,5,21,28,5,6,5,4.978047041913083,4.924630332124187,4.910768563192738
3971,17,18,688.4059453,2016,10,41,11,1,4,6,6.280038639739244,6.4111722542214125,6.4013261962979
3972,18,21,628.8036587,2016,11,46,20,6,6,6,6.141495755287929,6.17345542661592,6.1549521393431075
3973,21,20,10098.332209999999,2016,2,6,12,4,6,41,39.17834500672111,39.057987073836884,39.05079914707431
3974,20,11,506.2098107,2017,1,3,18,2,6,13,6.278399642841171,6.197189677051417,6.20194320646535
3975,17,18,688.4059453,2015,7,31,29,2,4,8,6.3320527610102015,6.402903296393955,6.389313583927306
3976,18,21,628.8036587,2015,10,41,8,3,6,7,6.136346453393637,6.213815265591798,6.201704203610655
3977,21,20,10098.332209999999,2015,8,34,23,6,6,37,39.021501663108204,38.99667968569466,38.9803250968069
3978,20,22,624.1703,2015,5,19,10,6,6,7,5.960495683760529,5.87499242321309,5.852063365054365
3979,22,11,234.4704,2015,10,42,18,6,6,2,4.864069437418685,4.894226054841901,4.874042791926987
3980,18,21,628.8036587,2015,10,44,27,1,6,6,6.084471915195531,6.218838444563284,6.214373007717731
3981,21,20,10098.332209999999,2015,8,33,11,1,6,41,38.977588934106734,39.05241215347728,39.05093948529244
3982,20,11,506.2098107,2015,12,52,25,4,6,9,5.990819959254731,6.106422101130827,6.094443215588688
3983,18,21,628.8036587,2015,8,34,18,1,6,7,6.148887412721242,6.2361289143962,6.231341958163901
3984,21,20,10098.332209999999,2015,8,36,31,0,6,38,38.936515144449956,39.04730470995939,39.05040170295459
3985,20,22,624.1703,2015,10,42,14,2,6,4,5.776861543686815,5.8831036301873265,5.872595015511086
3986,22,11,234.4704,2015,10,43,24,5,6,5,4.843177675172209,4.899277321995521,4.8826679221109845
3987,16,20,5254.9012060000005,2017,6,26,28,2,3,22,22.193111587720928,22.231479563254887,22.225086518724332
3988,20,11,506.2098107,2017,7,29,23,6,6,10,6.167017917267712,6.122488475228058,6.112676761308441
3989,16,20,5254.9012060000005,2017,9,37,12,1,3,22,22.126477218207206,22.236648083265425,22.232130272814302
3990,20,22,624.1703,2018,3,9,1,3,6,7,6.016310331168496,5.932486350218404,5.932968719388855
3991,22,11,234.4704,2018,1,3,16,1,6,3,5.064467458339751,5.0039902820092514,5.016158212959171
3992,15,20,5254.9634,2015,9,39,21,0,2,21,22.03165174757475,22.190887666073248,22.178648307016132
3993,20,11,506.2098107,2015,10,42,14,2,6,12,6.03363395969779,6.143973815942488,6.137825338924705
3994,15,20,5254.9634,2015,5,20,15,4,2,25,22.192743582095197,22.178554398590773,22.153248869326653
3995,20,22,624.1703,2015,11,45,6,4,6,7,5.786862889912472,5.865012041891161,5.847825048190606
3996,22,11,234.4704,2015,6,26,24,2,6,2,4.909333383484199,4.949012063122213,4.94248121355532
3997,19,23,4247.728669,2017,11,46,17,4,5,17,18.36514318247606,18.44076020434785,18.430949504099353
3998,23,20,644.2606097,2017,9,37,12,1,6,6,5.61272141762244,5.7117776945815635,5.7113980146915235
3999,20,11,506.2098107,2017,12,51,21,3,6,9,6.00427553944048,6.125548415048675,6.124583281581161
4000,11,13,134.246,2018,5,18,1,1,6,8,5.949961349490097,5.939666158062659,5.9564979099725885
4001,13,12,335.4135659,2018,1,3,19,4,6,7,6.566062226221343,6.427977994400331,6.437622172830748
4002,19,23,4247.728669,2017,4,13,2,6,5,19,18.591591322992834,18.470200712185274,18.45379997697865
4003,23,20,644.2606097,2017,2,9,28,1,6,7,5.768815274513036,5.738707394429101,5.7416134522384485
4004,20,22,624.1703,2017,3,11,13,0,6,7,5.954089977649909,5.946824253403459,5.951460944934853
4005,22,11,234.4704,2017,3,12,26,6,6,6,5.052808354759273,4.932606077743536,4.921914092199978
4006,11,13,134.246,2017,7,27,4,1,6,7,5.886000785185233,5.921559789953939,5.932145794520421
4007,13,12,335.4135659,2017,4,16,20,3,6,6,6.467907466830775,6.4144678264176775,6.419679320049541
4008,17,18,688.4059453,2018,2,8,23,4,4,9,6.520440222480845,6.42880200966794,6.425300360537586
4009,18,21,628.8036587,2018,8,31,3,4,6,8,6.235364094966906,6.230786702639623,6.229783212165449
4010,21,20,10098.332209999999,2018,3,12,22,3,6,37,39.14324094519372,39.064215070514564,39.07197473975726
4011,20,11,506.2098107,2018,4,14,5,3,6,12,6.241300568912171,6.185367481984642,6.190679335849987
4012,11,13,134.246,2018,5,21,22,1,6,7,5.919688308374644,5.924428092055402,5.9427535411898145
4013,13,12,335.4135659,2018,4,14,6,4,6,5,6.508526323266713,6.420391168211369,6.427600267393389
4014,17,18,688.4059453,2016,1,2,15,4,4,8,6.5421901124935555,6.428767549914436,6.41154274467595
4015,18,21,628.8036587,2016,1,4,27,2,6,4,6.339642139109964,6.259795423051971,6.2559715872662505
4016,21,20,10098.332209999999,2016,6,22,2,3,6,41,39.078226176957855,39.05254181614838,39.04646412112939
4017,20,22,624.1703,2016,3,12,24,3,6,5,5.96676512908442,5.905457776988031,5.895295108072235
4018,22,11,234.4704,2016,4,14,4,0,6,6,4.976858645875177,4.994743571086545,4.995413651432889
4019,11,13,134.246,2016,4,15,16,5,6,7,5.986343474534889,5.88649586605454,5.880028652630889
4020,13,12,335.4135659,2016,4,17,29,4,6,5,6.4589811211826405,6.393362594980996,6.3899266560767725
4021,18,21,628.8036587,2015,2,7,12,3,6,7,6.335164643247795,6.255125736619078,6.245950340912193
4022,21,20,10098.332209999999,2015,12,51,15,1,6,41,38.86893996646562,39.02798992448295,39.02616449692195
4023,20,11,506.2098107,2016,1,4,31,6,6,9,6.30102440182589,6.1443802162915535,6.130641246616607
4024,11,13,134.246,2016,2,7,15,0,6,6,5.977424342934787,5.945593099517879,5.9557971593210315
4025,13,12,335.4135659,2016,2,8,27,5,6,7,6.52495749453564,6.396755448843853,6.391037100358298
4026,18,21,628.8036587,2015,11,47,16,0,6,6,6.062071015797214,6.231138723735237,6.229222799732019
4027,21,20,10098.332209999999,2015,11,48,28,5,6,37,38.924594252479025,38.986610139697945,38.97362448211409
4028,20,22,624.1703,2016,10,39,1,5,6,4,5.84406606496386,5.865970911207633,5.847107026978792
4029,22,11,234.4704,2016,1,3,20,2,6,3,5.05514490492134,4.980756790441697,4.9770928474392
4030,11,13,134.246,2016,1,4,29,4,6,8,6.032227487957078,5.902900952877809,5.90132760797197
4031,13,12,335.4135659,2016,12,48,2,4,6,4,6.292138254426169,6.369914913671103,6.363283960640414
4032,16,20,5254.9012060000005,2019,4,14,5,4,3,21,22.31858277070822,22.250458006003676,22.248734451336347
4033,20,11,506.2098107,2019,5,22,28,1,6,13,6.166428791939966,6.186984498723696,6.205863517730295
4034,11,13,134.246,2019,6,24,16,6,6,6,5.971727980708581,5.881839889902679,5.890328435801484
4035,13,12,335.4135659,2019,6,26,28,4,6,6,6.433564878815007,6.398837241318505,6.4134330256922905
4036,16,20,5254.9012060000005,2015,3,12,20,4,3,23,22.286654431869522,22.22750215066951,22.20622852368559
4037,20,22,624.1703,2015,4,16,15,2,6,6,5.929743981443339,5.914657618343066,5.9051760418058965
4038,22,11,234.4704,2015,4,18,27,0,6,6,4.931965356516956,4.976405067262369,4.976700424369488
4039,11,13,134.246,2015,9,36,5,5,6,9,5.861565121499167,5.866222211261627,5.856509467810062
4040,13,12,335.4135659,2015,5,21,24,6,6,7,6.45351107817441,6.370858207012846,6.35825829393446
4041,15,20,5254.9634,2017,7,26,1,5,2,23,22.193658202953337,22.175367063704215,22.153751180765887
4042,20,11,506.2098107,2017,1,1,2,0,6,11,6.276980173168825,6.227609632701668,6.237519291877044
4043,11,13,134.246,2017,2,7,18,5,6,7,6.041915307116836,5.9021476025376405,5.903658384904537
4044,13,12,335.4135659,2017,3,9,3,4,6,8,6.530672421049703,6.422484968588735,6.423155353078949
4045,15,20,5254.9634,2017,10,40,5,3,2,21,22.08595004378283,22.17542814019687,22.160257152518007
4046,20,22,624.1703,2017,2,6,6,0,6,7,5.9884255788905545,5.958750392957581,5.964769261510947
4047,22,11,234.4704,2017,6,24,15,3,6,4,4.954481474457751,4.952956487397069,4.950789562918869
4048,11,13,134.246,2017,6,25,25,6,6,9,5.942364806034812,5.86497002734381,5.861817737006719
4049,13,12,335.4135659,2017,10,40,7,5,6,5,6.356808553567207,6.372811303954698,6.369848033386733
4050,12,13,335.4135659,2016,4,17,25,0,1,4,5.582439620567984,5.645860468994446,5.63440577888718
4051,13,11,161.5943334,2016,4,17,30,5,6,7,5.922176505733903,5.83621508783048,5.830000392652844
4052,11,22,234.4704,2016,5,19,13,4,6,5,5.755905942982691,5.691952315782805,5.684350210831896
4053,22,20,624.1703,2016,5,21,24,1,6,4,5.751115944144734,5.777683789197297,5.772736759745497
4054,20,15,5254.9634,2016,3,9,6,6,6,25,22.6666329016292,22.52387310564523,22.508624826773207
4055,12,13,335.4135659,2019,8,33,13,1,1,4,5.533681670331424,5.639152089016926,5.641480980394379
4056,13,11,161.5943334,2019,8,33,18,6,6,8,5.873418555497347,5.829506707852959,5.8370755941600425
4057,11,20,506.2098107,2019,1,2,9,2,6,12,6.936517235679096,6.82526807183571,6.845082026901165
4058,20,15,5254.9634,2019,9,38,19,3,6,24,22.480834559577296,22.526471041640086,22.539742591372367
4059,12,13,335.4135659,2019,7,29,18,3,1,8,5.576974331976215,5.621800542691355,5.618006058196093
4060,13,11,161.5943334,2019,7,30,27,5,6,6,5.8742179578130145,5.837467673659752,5.8486389750356
4061,11,22,234.4704,2019,8,32,8,3,6,6,5.697997787511591,5.704647885956515,5.718124916200784
4062,22,20,624.1703,2019,8,34,20,1,6,6,5.704008537214962,5.780248736881635,5.793304878669458
4063,20,16,5254.9012060000005,2019,1,2,9,2,6,22,22.62708184729295,22.525299201010622,22.542566473752757
4064,12,13,335.4135659,2019,4,16,17,2,1,7,5.643040372808711,5.648364340186131,5.648467926059022
4065,13,11,161.5943334,2019,4,17,25,3,6,9,5.929483250104186,5.874162093643898,5.892307429343452
4066,11,20,506.2098107,2019,10,40,5,5,6,10,6.748410126886766,6.75065603468714,6.758277879573297
4067,20,16,5254.9012060000005,2019,5,21,26,6,6,25,22.54984257812975,22.45265040301292,22.456524610259244
4068,12,13,335.4135659,2017,10,40,2,0,1,4,5.469466304411226,5.635439800457524,5.627533742642063
4069,13,11,161.5943334,2017,2,7,15,2,6,7,5.96552812010218,5.8924174024532014,5.902412796783109
4070,11,22,234.4704,2017,2,9,28,1,6,5,5.781435808083623,5.732059269570755,5.74330457715123
4071,22,20,624.1703,2017,11,44,3,4,6,4,5.671396014603067,5.738183615047321,5.728174500706812
4072,20,21,10098.332209999999,2017,3,12,21,1,6,38,39.18186496964501,39.14649312101791,39.15471530489585
4073,21,18,628.8036587,2017,4,14,5,2,6,5,6.093099665281192,6.06075939025691,6.059549255350921
4074,12,13,335.4135659,2019,6,25,21,4,1,6,5.610317386070802,5.615891980710222,5.609667258983931
4075,13,11,161.5943334,2019,6,26,28,4,6,6,5.885959514824952,5.851820356657363,5.866713348713285
4076,11,20,506.2098107,2019,10,41,7,0,6,13,6.684315370474989,6.796229791798249,6.819729355536991
4077,20,21,10098.332209999999,2019,7,31,29,0,6,39,39.07159640072603,39.138912666400316,39.1624946892432
4078,21,18,628.8036587,2019,12,50,9,0,6,7,5.873472393884933,6.043966684470117,6.06034169403363
4079,12,13,335.4135659,2018,9,36,7,4,1,7,5.544847684614092,5.6050346246198295,5.591539805362055
4080,13,11,161.5943334,2018,7,29,17,1,6,10,5.8314698968685565,5.877174265341436,5.894082155809295
4081,11,22,234.4704,2018,2,6,8,3,6,5,5.842946426766035,5.732931344210826,5.7426003943110775
4082,22,20,624.1703,2018,8,33,13,0,6,4,5.693662721894478,5.789563461095202,5.799128300108384
4083,20,21,10098.332209999999,2018,8,34,23,3,6,38,39.0827624150087,39.10479520200323,39.11255351421088
4084,21,18,628.8036587,2018,6,23,10,6,6,8,6.091614256110246,6.013921039413814,6.006300036652904
4085,18,17,688.4059453,2018,10,42,20,5,6,9,6.6238412225368055,6.65182352704721,6.650211317869436
4086,12,13,335.4135659,2016,4,14,10,6,1,8,5.677517152931385,5.600314800065469,5.568910629000415
4087,13,11,161.5943334,2016,10,41,13,3,6,10,5.767874598305037,5.83508105532499,5.832995451769728
4088,11,20,506.2098107,2016,10,43,29,5,6,11,6.689228844318377,6.7177322078452075,6.708639646989761
4089,20,21,10098.332209999999,2016,11,46,15,1,6,37,38.97596412227988,39.10322448194427,39.104293155951005
4090,21,18,628.8036587,2016,12,52,28,2,6,6,5.845983622104351,5.995860967985191,5.988871744821173
4091,18,17,688.4059453,2017,9,35,1,4,6,7,6.656219740179887,6.675519022440518,6.670065439062975
4092,12,13,335.4135659,2016,9,37,17,5,1,5,5.526285258481648,5.578034139571589,5.549822520122364
4093,13,11,161.5943334,2016,9,38,23,4,6,9,5.79112663869447,5.824093138008104,5.82007519629664
4094,11,22,234.4704,2016,8,32,10,2,6,6,5.658288797517338,5.697092747611212,5.695437638844938
4095,22,20,624.1703,2016,10,42,20,3,6,6,5.652468322729275,5.735169971906805,5.723191804054524
4096,20,23,644.2606097,2016,1,2,11,0,6,3,6.009076316228603,5.963514343520755,5.962484540896595
4097,23,19,4247.728669,2016,10,41,11,1,6,18,18.25608064825564,18.37278497066474,18.368284142353986
4098,12,13,335.4135659,2019,7,28,10,2,1,5,5.576264597140044,5.63701052051648,5.635794100901938
4099,13,11,161.5943334,2019,10,41,13,6,6,7,5.829185085381939,5.822374948691548,5.829269556235721
4100,11,20,506.2098107,2019,10,43,26,5,6,12,6.718137085771309,6.735417968679883,6.744533510790523
4101,20,23,644.2606097,2019,11,46,13,2,6,5,5.798054649366543,5.90496264222662,5.914609217142212
4102,23,19,4247.728669,2019,11,47,24,6,6,19,18.297119440442735,18.326749209727875,18.326043910716727
4103,11,22,234.4704,2015,11,47,21,5,6,4,5.589964132810694,5.643400273840088,5.630941820091815
4104,22,20,624.1703,2015,1,3,12,0,6,6,5.846137210689145,5.816840281909963,5.8141900056236135
4105,20,15,5254.9634,2015,12,50,13,6,6,21,22.41302355354206,22.469018511186484,22.451167741060047
4106,11,20,506.2098107,2019,3,12,22,4,6,10,6.892000953253804,6.785091633313918,6.797840830482743
4107,20,15,5254.9634,2019,7,27,4,3,6,25,22.554489929817038,22.54752850495369,22.559363461538254
4108,11,22,234.4704,2018,9,39,25,1,6,2,5.614796004267033,5.70086611266327,5.715890848349376
4109,22,20,624.1703,2018,3,10,10,5,6,3,5.888097610509513,5.771321631631594,5.765390063206739
4110,20,16,5254.9012060000005,2018,12,50,10,0,6,24,22.31091941778397,22.47815455286444,22.492861686936422
4111,11,20,506.2098107,2018,12,49,7,4,6,13,6.67364881404057,6.74268028906779,6.747132350566053
4112,20,16,5254.9012060000005,2018,7,31,31,1,6,23,22.4217872574131,22.480117792015307,22.493623970770777
4113,11,22,234.4704,2017,7,28,11,1,6,5,5.678815294022469,5.7160283223653146,5.723547097248344
4114,22,20,624.1703,2017,11,46,18,5,6,5,5.662014735734088,5.717894281886444,5.705805001740041
4115,20,21,10098.332209999999,2017,11,48,29,2,6,38,38.97621892389522,39.08883040239495,39.09388827825116
4116,21,18,628.8036587,2018,12,48,1,5,6,7,5.938022083517554,5.997577029083201,5.991507053063943
4117,11,20,506.2098107,2017,12,51,19,1,6,12,6.611428460521983,6.757018192252843,6.765624576112055
4118,20,21,10098.332209999999,2018,6,22,1,4,6,38,39.17816068848604,39.12211376001828,39.12547879073397
4119,21,18,628.8036587,2018,2,8,19,0,6,6,6.10688797337019,6.086513661047251,6.100429247992567
4120,11,22,234.4704,2016,1,1,5,1,6,6,5.83300380599095,5.748078774100314,5.750674495078359
4121,22,20,624.1703,2016,5,19,13,4,6,5,5.803700217179012,5.757450632400685,5.742279912932576
4122,20,21,10098.332209999999,2016,5,21,24,1,6,39,39.11790440534014,39.12838675290919,39.13036318944369
4123,21,18,628.8036587,2016,8,31,7,6,6,7,6.028108625026219,5.9949987730292875,5.974564756194743
4124,18,17,688.4059453,2016,7,29,21,3,6,7,6.658983212868241,6.675415077953174,6.668020993102244
4125,11,20,506.2098107,2017,1,4,26,3,6,11,6.907863795841495,6.793188231451717,6.798783285400548
4126,20,21,10098.332209999999,2017,12,48,2,5,6,38,39.026442918786536,39.074533895761604,39.06772655672732
4127,21,18,628.8036587,2017,3,13,28,1,6,4,6.07371704018656,6.0585616453921975,6.061949723704631
4128,18,17,688.4059453,2017,7,27,4,1,6,6,6.667199823680205,6.71173028721498,6.715561699780862
4129,11,22,234.4704,2015,7,29,13,0,6,5,5.643758216754071,5.717163253426213,5.719820204145718
4130,22,20,624.1703,2015,7,30,24,4,6,4,5.72466447141054,5.73705972475085,5.720342104205779
4131,20,23,644.2606097,2015,3,10,8,6,6,6,6.024266961832415,5.896265405086879,5.8731220457418285
4132,23,19,4247.728669,2015,8,33,15,5,6,18,18.338987877998726,18.341373157387498,18.322876432478914
4133,11,20,506.2098107,2019,4,14,4,3,6,10,6.879691067560637,6.802471267821623,6.817272078757954
4134,20,23,644.2606097,2019,4,16,20,5,6,6,6.005030497309184,5.909034461567414,5.9105087347938134
4135,23,19,4247.728669,2019,2,6,5,1,6,18,18.493898093267873,18.43686055786245,18.453005599717216
4136,13,11,161.5943334,2017,3,12,24,4,6,9,5.952794015944184,5.860230017920335,5.8626913073171725
4137,11,22,234.4704,2017,8,31,4,4,6,6,5.69961738878945,5.6878061115797784,5.685570543482941
4138,22,20,624.1703,2017,4,16,20,3,6,5,5.814986840970105,5.772619213674101,5.767737451616258
4139,20,15,5254.9634,2017,1,1,5,3,6,24,22.68980248858717,22.569916709596445,22.571874318381624
4140,13,11,161.5943334,2017,5,21,26,4,6,9,5.898469532123626,5.848018903423171,5.850303813131925
4141,11,20,506.2098107,2017,10,40,6,4,6,13,6.718337217376819,6.7489961499533955,6.747555223484378
4142,20,15,5254.9634,2017,6,26,29,3,6,23,22.52748703328622,22.524721992231555,22.526557637454395
4143,13,11,161.5943334,2016,11,46,16,2,6,6,5.725291671496413,5.837222623825438,5.838682331262168
4144,11,22,234.4704,2016,11,48,28,0,6,5,5.5303986109365315,5.686995113432362,5.692780698075209
4145,22,20,624.1703,2016,9,37,12,0,6,6,5.6526993963637135,5.7748632552189125,5.772260806882981
4146,20,16,5254.9012060000005,2016,12,51,21,2,6,21,22.30315774019285,22.441023445326824,22.437937815251807
4147,13,11,161.5943334,2017,8,32,9,2,6,9,5.8210344140685795,5.863318045923084,5.870554153666818
4148,11,20,506.2098107,2017,9,38,23,5,6,10,6.731498244061099,6.732928877300756,6.730053511750368
4149,20,16,5254.9012060000005,2017,9,36,10,6,6,22,22.45304563162658,22.4329880946578,22.423494284678895
4150,13,11,161.5943334,2015,6,26,26,4,6,9,5.852522038834406,5.836113513341523,5.830432082892818
4151,11,22,234.4704,2015,11,45,7,5,6,5,5.610146160220998,5.6535589845115926,5.640104732613663
4152,22,20,624.1703,2015,7,30,22,2,6,6,5.7030629743278904,5.757320969729594,5.746755277095625
4153,20,21,10098.332209999999,2015,3,10,8,6,6,40,39.241885424740005,39.102082383149835,39.085493261906464
4154,21,18,628.8036587,2015,9,38,18,4,6,7,5.950013687728356,5.999091170866437,5.983907907590554
4155,13,11,161.5943334,2015,2,8,22,6,6,7,5.984474785540405,5.842899221067237,5.83265297145587
4156,11,20,506.2098107,2015,7,27,3,4,6,9,6.780187550737599,6.760200627011008,6.750528945074558
4157,20,21,10098.332209999999,2015,3,12,22,6,6,41,39.221703397329705,39.09192367247833,39.07633034938461
4158,21,18,628.8036587,2015,8,32,5,2,6,8,5.970285382618156,6.03242082516986,6.022422243693809
4159,13,11,161.5943334,2016,7,26,3,6,6,6,5.896474519722018,5.829968711678715,5.817864349833611
4160,11,22,234.4704,2016,3,11,19,5,6,5,5.8109401616394205,5.688953452454843,5.678949662311295
4161,22,20,624.1703,2016,3,13,30,2,6,6,5.806150162801467,5.774684925869336,5.767336211224896
4162,20,21,10098.332209999999,2016,11,44,4,4,6,40,39.02854839531416,39.08299132514766,39.07383630913809
4163,21,18,628.8036587,2016,5,21,27,4,6,8,6.052249735210816,6.015142765151111,6.00255930517862
4164,18,17,688.4059453,2016,10,40,6,3,6,10,6.603149591895841,6.670452975474342,6.6618581607472915
4165,13,11,161.5943334,2016,1,3,18,0,6,6,5.95513056610625,5.908380730618497,5.917870062556391
4166,11,20,506.2098107,2016,1,4,30,5,6,12,6.918978071448718,6.76571937100635,6.758475954702577
4167,20,21,10098.332209999999,2016,2,7,17,2,6,39,39.21651409795155,39.141081022616035,39.140922877218905
4168,21,18,628.8036587,2016,2,5,4,3,6,5,6.149439958149882,6.058256990508209,6.048695078365528
4169,18,17,688.4059453,2016,4,15,13,2,6,8,6.735140267405887,6.7070582307837014,6.703064317226099
4170,13,11,161.5943334,2019,3,9,2,5,6,8,6.013139966569588,5.877127968661336,5.8871583321888625
4171,11,22,234.4704,2019,2,7,17,6,6,5,5.874893739169165,5.703355375018516,5.710363799982305
4172,22,20,624.1703,2019,2,9,28,3,6,5,5.870103740331215,5.789086848433007,5.7987503488959025
4173,20,23,644.2606097,2019,11,44,3,6,6,5,5.861439670942145,5.874598862940635,5.870945783884368
4174,23,19,4247.728669,2019,3,12,22,4,6,19,18.48187372394605,18.389463195504458,18.39549606754543
4175,13,11,161.5943334,2017,6,25,19,0,6,7,5.833575373396185,5.885631694727488,5.9001919082200605
4176,11,20,506.2098107,2017,2,6,7,1,6,13,6.884753161607003,6.820698488448793,6.831421120120686
4177,20,23,644.2606097,2017,7,29,21,4,6,5,5.898090798425423,5.890941401828268,5.8825307972868845
4178,23,19,4247.728669,2017,1,1,8,6,6,20,18.56041185327318,18.382405992181397,18.37056313191124
4179,10,14,46.8502718,2015,4,15,7,1,0,6,4.618686645650486,4.663954971208797,4.642909034744738
4180,14,11,746.6292581,2015,10,41,7,2,6,3,7.669830427826755,7.765292980822329,7.763489894832206
4181,11,13,134.246,2015,7,29,19,6,6,2,5.90565718545963,5.856831630742848,5.844597926487333
4182,13,20,481.93501849999996,2015,7,31,27,0,6,7,6.35015194016408,6.437151711457897,6.440195019726167
4183,20,15,5254.9634,2015,9,37,8,1,6,23,22.43588660020926,22.536104798638746,22.534455954702672
4184,10,14,46.8502718,2019,8,35,26,0,0,2,4.512492378048286,4.655211497348177,4.658458986117791
4185,14,13,872.8668682,2019,8,35,28,2,6,6,8.047472491051368,8.09724221535323,8.116954593044644
4186,13,20,481.93501849999996,2019,9,37,9,0,6,7,6.360389114440638,6.457197868138897,6.4797626966853645
4187,20,15,5254.9634,2019,9,38,22,6,6,22,22.513236805201267,22.49607917417197,22.500122832037597
4188,10,14,46.8502718,2017,7,27,7,4,0,2,4.598478430627718,4.626125620163754,4.602967473539513
4189,14,11,746.6292581,2017,9,36,7,3,6,5,7.727429810648415,7.768380110269671,7.772084575167591
4190,11,13,134.246,2017,7,29,20,3,6,5,5.887420254857576,5.891139834303688,5.896569709108727
4191,13,20,481.93501849999996,2017,7,31,31,0,6,5,6.364317255186004,6.441068047550621,6.452547043012791
4192,20,16,5254.9012060000005,2017,11,45,8,2,6,23,22.355518153640723,22.461299470118128,22.46393313627334
4193,10,14,46.8502718,2019,1,2,7,0,0,2,4.719041303464641,4.707537973874477,4.711581704969342
4194,14,13,872.8668682,2019,3,10,7,3,6,8,8.218886412911411,8.129681586518616,8.145205614444544
4195,13,20,481.93501849999996,2019,7,29,17,2,6,3,6.425372940647575,6.442756020466497,6.459226025178635
4196,20,16,5254.9012060000005,2019,7,30,26,4,6,22,22.47391659722654,22.460700533494503,22.47055028896385
4197,10,14,46.8502718,2018,3,9,2,4,0,6,4.716763478753144,4.6564431027696385,4.6397070831769245
4198,14,11,746.6292581,2018,9,35,2,6,6,4,7.779559150461848,7.748962851748866,7.749010893360667
4199,11,13,134.246,2018,2,8,19,0,6,4,5.987456631189369,5.9536166132603086,5.97707448213515
4200,13,20,481.93501849999996,2018,1,1,3,2,6,7,6.590503607312323,6.481198189392316,6.49286441581078
4201,20,21,10098.332209999999,2018,3,11,14,2,6,40,39.21239281237579,39.14733710747585,39.15805479597877
4202,21,18,628.8036587,2018,4,17,29,6,6,4,6.115665698815347,6.010894087903722,6.004943162055378
4203,10,14,46.8502718,2016,6,25,22,2,0,3,4.569601131203715,4.634554961367673,4.613120899873346
4204,14,13,872.8668682,2016,6,25,25,5,6,8,8.115381992748125,8.066455056883354,8.05840992035528
4205,13,20,481.93501849999996,2016,9,36,7,2,6,3,6.363173383775509,6.424330217661231,6.422037116255678
4206,20,21,10098.332209999999,2016,7,29,18,0,6,37,39.062870186683405,39.131385616237154,39.1357637379643
4207,21,18,628.8036587,2016,8,35,30,1,6,4,5.933740827498989,6.025334464133138,6.0222718633756624
4208,10,14,46.8502718,2015,3,11,14,5,0,3,4.683580804377931,4.626342179904481,4.593020939656602
4209,14,11,746.6292581,2015,3,12,17,1,6,4,7.823512267898943,7.804807934784861,7.807634302002574
4210,11,13,134.246,2015,3,13,27,4,6,2,5.972522628607793,5.891356394044417,5.88662317522582
4211,13,20,481.93501849999996,2015,4,14,4,5,6,5,6.521386527065131,6.423249195359448,6.409743193963253
4212,20,21,10098.332209999999,2015,4,16,15,2,6,37,39.15680923860226,39.12953646378264,39.12621844447275
4213,21,18,628.8036587,2015,5,22,28,3,6,6,6.026828738426728,6.022172949823567,6.010797033342916
4214,18,17,688.4059453,2015,9,36,6,6,6,7,6.653564908535463,6.646262086033298,6.626718786625579
4215,10,14,46.8502718,2015,6,25,21,6,0,3,4.6082748908313995,4.5960113889290195,4.5599071520739525
4216,14,13,872.8668682,2015,6,26,24,2,6,6,8.068359498881387,8.093746486534554,8.093060821409422
4217,13,20,481.93501849999996,2015,6,23,7,6,6,5,6.477862791785897,6.400907458372911,6.384149113333086
4218,20,21,10098.332209999999,2015,7,29,17,4,6,40,39.10154394631109,39.0928420437985,39.08254999016489
4219,21,18,628.8036587,2015,1,2,9,4,6,6,6.168162764001705,6.049247990710159,6.035387420872736
4220,18,17,688.4059453,2015,9,37,13,6,6,7,6.64347389483031,6.641182730697546,6.622137330364653
4221,10,14,46.8502718,2018,4,15,15,6,0,3,4.696491783863344,4.623113448466216,4.60119274707367
4222,14,11,746.6292581,2018,4,16,18,2,6,7,7.836423247384355,7.8015792033465985,7.815806109419638
4223,11,13,134.246,2018,1,1,5,4,6,5,6.082623831032267,5.93124188796325,5.9409307558297915
4224,13,20,481.93501849999996,2018,12,49,5,2,6,5,6.305578755370307,6.419687549878946,6.428711077371512
4225,20,23,644.2606097,2018,5,21,23,2,6,7,5.930358851942488,5.924229659579982,5.928714629367972
4226,23,19,4247.728669,2018,5,18,6,6,6,20,18.469787697839287,18.366333648424245,18.35847514798619
4227,10,14,46.8502718,2018,7,31,31,1,0,4,4.535348210667447,4.6420953199004185,4.6362260290975055
4228,14,13,872.8668682,2018,4,14,8,6,6,7,8.21996141348893,8.090484766785767,8.090682983151295
4229,13,20,481.93501849999996,2018,8,33,17,4,6,5,6.415647192683769,6.413689823223024,6.417909980330309
4230,20,23,644.2606097,2018,8,35,28,1,6,3,5.83345144131331,5.914160113583264,5.9220140146751685
4231,23,19,4247.728669,2018,6,23,9,5,6,20,18.427204771030667,18.368475216924693,18.364162027478628
4232,14,11,746.6292581,2018,1,2,8,0,6,5,7.902630694371792,7.844665340521562,7.865985556529617
4233,11,13,134.246,2018,12,49,8,5,6,3,5.808499727631576,5.859600625960505,5.8635708309456
4234,13,20,481.93501849999996,2018,8,34,21,1,6,4,6.373153933354642,6.439002335355388,6.452948283404153
4235,20,15,5254.9634,2018,8,35,31,4,6,22,22.493599378491297,22.508275508856578,22.51292817809115
4236,14,13,872.8668682,2017,3,10,8,2,6,7,8.188813503401468,8.128021701784872,8.134482958355624
4237,13,20,481.93501849999996,2017,8,33,16,2,6,3,6.384409615116811,6.428055814590209,6.432358531953232
4238,20,15,5254.9634,2017,8,34,25,4,6,22,22.49405431171214,22.507459610580774,22.505545013085154
4239,14,11,746.6292581,2018,10,43,26,4,6,6,7.69505129300533,7.744684614876363,7.752230453974056
4240,11,13,134.246,2018,7,28,11,2,6,6,5.896346600505714,5.91224506574037,5.926322373081495
4241,13,20,481.93501849999996,2018,11,47,19,0,6,5,6.286337536430613,6.434012144694423,6.450829124972271
4242,20,16,5254.9012060000005,2018,11,48,30,4,6,22,22.35648269009223,22.431695412743682,22.43574021586764
4243,14,13,872.8668682,2015,8,32,8,5,6,7,8.07671030180026,8.066381570576532,8.054797936672182
4244,13,20,481.93501849999996,2015,8,34,21,4,6,6,6.3817547834723864,6.398798878182989,6.389011879515836
4245,20,16,5254.9012060000005,2015,2,7,9,0,6,21,22.540260695952455,22.521864548684604,22.525178673869654
4246,14,11,746.6292581,2019,1,2,12,5,6,3,7.966270517562728,7.799907481686258,7.811917245571921
4247,11,13,134.246,2019,10,41,12,5,6,6,5.862369278231293,5.872627638733476,5.883341490136841
4248,13,20,481.93501849999996,2019,12,51,22,6,6,3,6.338235802609612,6.374901602861508,6.378686440336891
4249,20,21,10098.332209999999,2019,12,1,31,1,6,39,39.166974408965785,38.88787687847872,38.657459288306384
4250,21,18,628.8036587,2020,2,7,14,4,6,7,6.1794541422092575,6.06286103364863,6.076113601007643
4251,14,13,872.8668682,2018,6,24,11,0,6,8,8.090741424715274,8.133978031889084,8.152953551374663
4252,13,20,481.93501849999996,2018,11,47,20,1,6,7,6.297138284971938,6.4238815222050505,6.437622538527348
4253,20,21,10098.332209999999,2018,3,11,12,0,6,39,39.19079131529314,39.16759835245459,39.18446796886862
4254,21,18,628.8036587,2019,1,3,17,3,6,5,6.180708477745769,6.070006101179617,6.080293816877203
4255,14,11,746.6292581,2016,9,38,24,5,6,5,7.719213199836451,7.732064901007863,7.724543868488974
4256,11,13,134.246,2016,5,19,10,1,6,5,5.9205981748163286,5.92279629550379,5.92798721117782
4257,13,20,481.93501849999996,2016,10,41,16,6,6,7,6.3737430586823915,6.374506311859751,6.3597615269822985
4258,20,21,10098.332209999999,2016,10,43,29,5,6,37,39.030767267302174,39.0605323353042,39.04982360460195
4259,21,18,628.8036587,2016,11,45,12,5,6,5,5.93120121439704,5.98492922703257,5.967864141501936
4260,18,17,688.4059453,2016,12,51,22,3,6,6,6.528643080664979,6.648083150305673,6.640307754040196
4261,14,13,872.8668682,2015,4,17,21,1,6,8,8.11188323416062,8.116088223521091,8.118654902039593
4262,13,20,481.93501849999996,2015,5,19,5,1,6,7,6.44555021364142,6.454470269472946,6.453120296249262
4263,20,21,10098.332209999999,2015,5,21,18,0,6,41,39.1025744222612,39.14049629291739,39.14318237386891
4264,21,18,628.8036587,2015,4,15,7,1,6,5,6.058042588012794,6.061894321317807,6.055822362248298
4265,18,17,688.4059453,2015,7,29,15,2,6,7,6.643653229789303,6.68752461796138,6.680840177527466
4266,14,11,746.6292581,2017,6,22,1,3,6,4,7.813536472736269,7.788580278755759,7.791991776305322
4267,11,13,134.246,2017,1,3,16,0,6,3,6.0096027289723555,5.955710413637675,5.972629567820713
4268,13,20,481.93501849999996,2017,1,4,25,2,6,6,6.550594485712557,6.460064869773499,6.467155425761083
4269,20,23,644.2606097,2017,6,22,2,4,6,5,5.950906145094139,5.910401528343764,5.90114295330242
4270,23,19,4247.728669,2017,2,7,17,4,6,20,18.49693716421808,18.389598827835464,18.384875141587678
4271,14,13,872.8668682,2019,5,21,23,3,6,5,8.14437990168055,8.107311761349948,8.123655207737448
4272,13,20,481.93501849999996,2019,3,10,6,2,6,7,6.544112921993845,6.472257604796578,6.48858246981005
4273,20,23,644.2606097,2019,6,24,16,6,6,4,5.971597775735104,5.891772079916631,5.889496110424568
4274,23,19,4247.728669,2019,6,26,26,2,6,16,18.374165564775545,18.389524271997114,18.402002039297543
4275,19,23,4247.728669,2017,9,37,15,4,5,19,18.41946766629662,18.452971318845016,18.443336998284593
4276,23,20,644.2606097,2017,9,36,10,6,6,4,5.676816174034213,5.6662039374704545,5.64994653872783
4277,20,13,481.93501849999996,2017,10,42,19,3,6,5,5.851854665709906,5.930329663650566,5.928720356713361
4278,13,14,872.8668682,2017,10,44,30,0,6,5,8.022135951197784,8.161413897747853,8.175343042731074
4279,19,23,4247.728669,2016,1,1,8,4,5,20,18.62712952109454,18.495920523222114,18.480922353758658
4280,23,20,644.2606097,2016,8,34,26,4,6,6,5.647087733619097,5.673320916819309,5.6581704285204655
4281,20,13,481.93501849999996,2016,7,27,9,5,6,3,5.9600177581012534,5.929452688882103,5.914831219955245
4282,13,11,134.246,2016,9,37,16,4,6,6,5.705479389753821,5.733470442624096,5.728937972982417
4283,11,14,746.6292581,2016,9,39,28,2,6,7,7.886304746562038,7.961113590548701,7.964458212109834
4284,17,18,688.4059453,2017,7,28,10,0,4,9,6.354889620064929,6.44231894347268,6.4418231488865505
4285,18,21,628.8036587,2017,10,42,20,4,6,4,6.151221503251735,6.202521623859395,6.1962681841914335
4286,21,20,10098.332209999999,2017,10,44,30,0,6,37,38.90644698935646,39.044089286890696,39.05494768831689
4287,20,13,481.93501849999996,2017,12,50,12,1,6,3,5.786019698511849,5.943459149467898,5.947327491678886
4288,13,14,872.8668682,2017,12,51,21,3,6,7,8.020395740411503,8.128969626454078,8.132498701732908
4289,17,18,688.4059453,2016,11,47,25,4,4,9,6.270567693390769,6.367711977428618,6.349605273749722
4290,18,21,628.8036587,2016,8,32,12,4,6,8,6.206000920293134,6.2139168400807545,6.2012725133706805
4291,21,20,10098.332209999999,2016,12,51,22,3,6,41,38.895070698085874,39.00574976198537,39.0001387260518
4292,20,13,481.93501849999996,2017,7,26,2,6,6,6,5.9905456008320375,5.930296675340044,5.918170711038167
4293,13,11,134.246,2017,2,7,19,6,6,3,5.912992851621679,5.756192861775951,5.753867771428267
4294,11,14,746.6292581,2017,2,9,28,1,6,5,8.061415962805926,8.014227877168675,8.029007769890457
4295,18,21,628.8036587,2016,5,20,19,3,6,6,6.261124806429363,6.2340889203847105,6.225223388431486
4296,21,20,10098.332209999999,2016,5,22,31,1,6,39,39.03795178961674,39.05539533843728,39.057489719667096
4297,20,13,481.93501849999996,2016,7,28,15,4,6,5,5.939125995854775,5.934503956035723,5.923456350139245
4298,13,14,872.8668682,2016,7,30,26,1,6,6,8.10940728134265,8.165588190133011,8.170079036156954
4299,18,21,628.8036587,2019,8,35,31,5,6,4,6.2154368691719295,6.206233912418799,6.210215421943749
4300,21,20,10098.332209999999,2019,10,41,9,2,6,39,38.97759368852319,39.05085661514234,39.06620812674366
4301,20,13,481.93501849999996,2019,10,43,25,4,6,3,5.871836561514693,5.926910193048558,5.934861556541355
4302,13,11,134.246,2019,3,11,11,0,6,5,5.843215933806862,5.8219203197169325,5.84830967231648
4303,11,14,746.6292581,2019,11,46,14,3,6,4,7.89187128014604,7.966616325068346,7.983920907802281
4304,16,20,5254.9012060000005,2017,4,16,18,1,3,24,22.246726336705315,22.258900655577175,22.255262055615425
4305,20,13,481.93501849999996,2017,5,20,15,0,6,6,5.949792552289191,5.988053458766183,5.996053355110179
4306,13,14,872.8668682,2017,5,21,27,5,6,7,8.21657083981282,8.143172068284246,8.141604805829429
4307,16,20,5254.9012060000005,2019,4,16,19,4,3,24,22.29840074329791,22.24029929533217,22.239571538814502
4308,20,13,481.93501849999996,2019,5,20,16,3,6,5,6.00146695888178,5.969452098521183,5.980362838309253
4309,13,11,134.246,2019,5,22,27,0,6,6,5.768709422575997,5.799550494548264,5.826759265609388
4310,11,14,746.6292581,2019,8,32,6,1,6,4,7.956376445151244,8.00707773853318,8.030241281829857
4311,15,20,5254.9634,2018,2,5,1,3,2,22,22.30449532782645,22.227713220171463,22.22104936734739
4312,20,13,481.93501849999996,2018,1,4,26,4,6,5,6.092800849151841,5.970314464453205,5.974662779528456
4313,13,14,872.8668682,2018,6,22,2,5,6,5,8.23478879685044,8.161395689249886,8.164375545187566
4314,15,20,5254.9634,2019,8,31,3,5,2,21,22.181148185654664,22.179168516938404,22.17016071634724
4315,20,13,481.93501849999996,2019,3,13,31,6,6,7,6.068011660916008,5.941112634878724,5.943967660637879
4316,13,11,134.246,2019,4,15,13,5,6,6,5.875528511951339,5.768357508616898,5.779338489400308
4317,11,14,746.6292581,2019,4,17,25,3,6,6,8.056353868759553,7.996000656541504,8.014858728527726
4318,19,23,4247.728669,2017,9,36,10,6,5,18,18.451160177084418,18.437789429202024,18.421505281655676
4319,23,20,644.2606097,2017,1,2,11,2,6,6,5.83158022873196,5.7467245366001585,5.74508948526786
4320,20,13,481.93501849999996,2017,11,46,13,0,6,5,5.7977612555237865,5.957811832465509,5.96540186535657
4321,13,14,872.8668682,2017,11,47,24,4,6,5,8.053738794506087,8.123061064472944,8.124159902520747
4322,14,10,46.8502718,2017,5,19,12,4,6,2,5.447105622831282,5.3887331528767675,5.389572541183091
4323,19,23,4247.728669,2015,6,26,28,6,5,16,18.48273746932974,18.43375584025238,18.410734634463083
4324,23,20,644.2606097,2015,7,29,19,6,6,7,5.695942174431432,5.6630276433483235,5.638889560563401
4325,20,13,481.93501849999996,2015,1,2,8,3,6,5,6.07838073251459,5.980792207909802,5.972715633941684
4326,13,11,134.246,2015,12,50,8,1,6,4,5.591681120218416,5.749408052605645,5.750915048879476
4327,11,14,746.6292581,2015,8,34,22,5,6,5,7.945959935915697,7.940689694588345,7.931970757707843
4328,14,10,46.8502718,2015,2,7,9,0,6,4,5.458215371294964,5.439317850121314,5.446579761915649
4329,17,18,688.4059453,2016,12,52,26,0,4,7,6.194731379967058,6.398933051542116,6.3929823760357305
4330,18,21,628.8036587,2017,6,22,1,3,6,6,6.26925174976183,6.247233186014601,6.243412671528697
4331,21,20,10098.332209999999,2017,1,3,18,2,6,39,39.178830881970875,39.08328627759967,39.08946327220291
4332,20,13,481.93501849999996,2017,4,14,3,0,6,5,5.992516885252757,6.002434229945926,6.010084054864789
4333,13,14,872.8668682,2017,3,11,15,2,6,7,8.248584091714557,8.190854405585277,8.198193515610368
4334,14,10,46.8502718,2017,3,13,28,1,6,5,5.438754819912413,5.41609806883479,5.42783542592033
4335,17,18,688.4059453,2018,4,17,26,3,4,6,6.453612708136729,6.424096793950017,6.422260379714858
4336,18,21,628.8036587,2018,6,23,5,1,6,6,6.247195319458337,6.26831032926915,6.27720900942454
4337,21,20,10098.332209999999,2018,5,20,18,4,6,39,39.10980822361964,39.04695268886378,39.05096211538802
4338,20,13,481.93501849999996,2018,2,6,7,2,6,7,6.069690214917353,5.997824721450282,6.007300614248594
4339,13,11,134.246,2018,7,28,15,6,6,2,5.79982639063453,5.735898457510565,5.736912000270456
4340,11,14,746.6292581,2018,7,30,23,0,6,3,7.937448753277453,8.00406409539266,8.02525858517757
4341,14,10,46.8502718,2018,1,2,8,0,6,6,5.513798945068489,5.45711849381452,5.478416113421675
4342,18,21,628.8036587,2018,7,30,27,4,6,5,6.226782218413595,6.218458335285538,6.218977094074235
4343,21,20,10098.332209999999,2018,7,27,8,6,6,38,39.097267264292036,39.024639040059384,39.021324360834775
4344,20,13,481.93501849999996,2018,9,38,20,3,6,3,5.884033051747474,5.940446977770362,5.945552765213042
4345,13,14,872.8668682,2018,9,39,29,5,6,8,8.118409093647129,8.12595745475654,8.130723975267065
4346,14,10,46.8502718,2018,10,41,13,5,6,4,5.337202319653654,5.357165856351452,5.360617336943038
4347,18,21,628.8036587,2018,4,14,3,1,6,8,6.301519803278895,6.280521443766315,6.2895965036097845
4348,21,20,10098.332209999999,2018,3,11,18,6,6,40,39.185734204522845,39.038902558382205,39.03693643668341
4349,20,13,481.93501849999996,2018,3,10,5,0,6,3,6.023844130299208,6.011239182210657,6.0249869268232725
4350,13,11,134.246,2018,12,49,5,2,6,3,5.6363742779711234,5.754168375156308,5.766606563249022
4351,11,14,746.6292581,2018,5,21,21,0,6,7,7.991773237098011,8.016275209889825,8.037646079362814
4352,14,10,46.8502718,2018,3,10,6,1,6,2,5.478663941512176,5.437231388453605,5.453544415970027
4353,16,20,5254.9012060000005,2016,5,21,28,5,3,24,22.2476599311279,22.203181496164138,22.181021845075122
4354,20,13,481.93501849999996,2016,6,25,24,4,6,7,5.951577287702884,5.9336466612082095,5.923742681111081
4355,13,14,872.8668682,2016,7,27,7,3,6,4,8.161281819540756,8.160565011161523,8.157410232049878
4356,14,10,46.8502718,2016,7,28,17,6,6,4,5.404746555609064,5.3503655397892995,5.338807252841077
4357,16,20,5254.9012060000005,2017,12,49,6,2,3,23,22.07050219107986,22.215163641106404,22.206249861212292
4358,20,13,481.93501849999996,2017,8,32,7,0,6,7,5.88386791761164,5.978012000951599,5.985309066494301
4359,13,11,134.246,2017,7,29,21,4,6,4,5.758497799362422,5.745185093541998,5.746779095632457
4360,11,14,746.6292581,2017,7,31,31,0,6,7,7.917721659087993,7.993089486445351,8.008712507649724
4361,14,10,46.8502718,2017,8,32,13,6,6,2,5.392691471531231,5.353351094747686,5.34783362341644
4362,15,20,5254.9634,2018,7,29,19,3,2,23,22.151419745239544,22.18628549628726,22.17838460613988
4363,20,13,481.93501849999996,2018,8,33,13,0,6,3,5.883412984390796,5.978827899227404,5.992692231500298
4364,13,14,872.8668682,2018,8,34,22,2,6,4,8.11778902629045,8.164338376213582,8.177863441554317
4365,14,10,46.8502718,2018,1,2,9,1,6,3,5.524599693609813,5.446987871325148,5.465209526976752
4366,15,20,5254.9634,2017,12,49,5,1,2,25,22.010024062879623,22.183478270678453,22.174282831222605
4367,20,13,481.93501849999996,2017,8,31,6,6,6,7,5.958763422564742,5.922307621351118,5.910651004085684
4368,13,11,134.246,2017,6,25,21,2,6,6,5.759438607833031,5.769668399028982,5.7780600557550645
4369,11,14,746.6292581,2017,3,10,7,1,6,7,8.067444416385888,8.022619158957564,8.034025278358063
4370,14,10,46.8502718,2017,7,28,16,6,6,5,5.414382636093373,5.356260793400859,5.350771874107997
4371,19,23,4247.728669,2016,10,43,27,3,5,20,18.35630650430742,18.442825916543086,18.43054826370799
4372,23,20,644.2606097,2016,11,47,21,0,6,5,5.527869091071095,5.698722593626462,5.6956710294233535
4373,20,11,506.2098107,2016,2,6,12,4,6,11,6.277913767591402,6.171890473288631,6.163279081336745
4374,11,13,134.246,2016,12,51,19,0,6,9,5.715041796546034,5.8883045205127456,5.896511608114524
4375,19,23,4247.728669,2016,8,34,26,4,5,17,18.421431736669298,18.444906408550878,18.429729171448308
4376,23,20,644.2606097,2016,9,37,17,5,6,6,5.646288331303429,5.665359951012517,5.646607047644908
4377,20,22,624.1703,2016,9,39,29,3,6,3,5.804642818613862,5.8701367953516055,5.860062162057703
4378,22,11,234.4704,2016,8,32,10,2,6,5,4.88981117531671,4.9500600971134725,4.944225490172551
4379,11,13,134.246,2016,10,42,19,2,6,9,5.790967777449241,5.8802543900311655,5.882485929409922
4380,17,18,688.4059453,2018,8,34,24,4,4,9,6.365855502742091,6.39462329780207,6.388860261160369
4381,18,21,628.8036587,2018,6,23,9,5,6,6,6.290398313623635,6.227787839311661,6.224382663644844
4382,21,20,10098.332209999999,2018,9,38,18,1,6,38,38.96960815134567,39.05423468919264,39.067736422893496
4383,20,11,506.2098107,2018,1,2,11,3,6,9,6.308927485571955,6.1980336635093565,6.205282697548272
4384,11,13,134.246,2018,11,46,16,4,6,10,5.8101502709383634,5.868873953622364,5.877063748362362
4385,17,18,688.4059453,2016,1,1,7,3,4,7,6.541480377657384,6.443977527739561,6.4293307873817955
4386,18,21,628.8036587,2016,12,49,7,2,6,5,6.085841469274522,6.214835211400922,6.207492154150961
4387,21,20,10098.332209999999,2016,7,29,23,5,6,39,39.04701232737179,39.012820444654125,39.00143879222401
4388,20,22,624.1703,2016,6,23,9,3,6,5,5.910931508112023,5.9004956745092,5.889132275717282
4389,22,11,234.4704,2016,9,37,17,5,6,5,4.890431242673387,4.91167917565643,4.897086023885299
4390,11,13,134.246,2016,9,39,28,2,6,10,5.80341906929735,5.879397095203652,5.882772260381762
4391,18,21,628.8036587,2018,9,38,21,4,6,4,6.183399889289303,6.212638937979193,6.213100592691115
4392,21,20,10098.332209999999,2018,1,2,10,2,6,39,39.19855797616034,39.09426088654699,39.10600934973076
4393,20,11,506.2098107,2018,11,46,15,3,6,11,6.046544939183201,6.140745084504225,6.145997146341768
4394,11,13,134.246,2018,2,7,12,0,6,6,5.997547644894523,5.958695968596061,5.9816559383960755
4395,18,21,628.8036587,2017,11,46,18,5,6,8,6.140331087230914,6.189481302716851,6.18012334705495
4396,21,20,10098.332209999999,2017,2,6,12,6,6,41,39.21043372527918,39.044933444324755,39.03828013199258
4397,20,22,624.1703,2018,1,3,18,3,6,6,6.04206405585583,5.932084122418443,5.935470917873731
4398,22,11,234.4704,2018,1,5,30,1,6,3,5.044285430929447,4.993831571337747,5.006995300437319
4399,11,13,134.246,2018,8,31,2,3,6,10,5.895547198190046,5.904284099933578,5.914758992205938
4400,16,20,5254.9012060000005,2018,4,16,17,1,3,24,22.256362417189628,22.26479590918873,22.267226676882352
4401,20,11,506.2098107,2018,5,20,14,0,6,11,6.166173990324632,6.201378578273015,6.216268395430147
4402,11,13,134.246,2018,5,22,31,3,6,6,5.93119879175214,5.8990874917409055,5.911758912039042
4403,16,20,5254.9012060000005,2019,8,33,15,3,3,22,22.189042040820624,22.23108704416297,22.23258459314986
4404,20,22,624.1703,2019,9,37,9,0,6,4,5.82133084185312,5.928373134325902,5.94473869771509
4405,22,11,234.4704,2019,9,38,19,3,6,4,4.887646973338516,4.944546826134096,4.954811604314985
4406,11,13,134.246,2019,9,39,29,6,6,9,5.875530304915573,5.8565603660808385,5.865839778402831
4407,15,20,5254.9634,2016,8,34,22,0,2,21,22.067963160379655,22.196897802543337,22.186555415988323
4408,20,11,506.2098107,2016,9,37,14,2,6,12,6.070796513493816,6.151296314267645,6.147661984438093
4409,11,13,134.246,2016,2,6,10,2,6,9,6.00911685372259,5.930411209874887,5.933965442692108
4410,15,20,5254.9634,2018,4,16,22,6,2,24,22.26068878023733,22.172326803824546,22.15602012822312
4411,20,22,624.1703,2018,5,20,18,4,6,4,5.952604568478959,5.899985902560363,5.898211726236836
4412,22,11,234.4704,2018,5,22,28,0,6,2,4.933224446469927,4.981994596458413,4.996149281690274
4413,11,13,134.246,2018,5,18,6,6,6,7,6.0039650921967205,5.889013045615798,5.890464977747973
4414,19,23,4247.728669,2015,8,34,18,1,5,16,18.384500256507714,18.47727719353783,18.46896152876338
4415,23,20,644.2606097,2015,8,32,9,6,6,6,5.684342023574436,5.665197300030904,5.640532766132766
4416,20,11,506.2098107,2015,9,38,20,6,6,9,6.0993792594163505,6.1076733864932375,6.089866780377774
4417,19,23,4247.728669,2016,2,7,17,2,5,19,18.56365483203944,18.50311335887618,18.495234363435088
4418,23,20,644.2606097,2016,12,48,3,5,6,5,5.589603569339912,5.659085486678618,5.63851467874875
4419,20,22,624.1703,2016,3,12,23,2,6,6,5.9559643805430955,5.915588399477404,5.908501694517158
4420,22,11,234.4704,2016,4,14,4,0,6,5,4.976858645875177,4.994743571086545,4.995413651432889
4421,17,18,688.4059453,2015,6,23,5,4,4,6,6.41656061846672,6.407181533266458,6.386094023313918
4422,18,21,628.8036587,2015,5,20,16,5,6,6,6.278197068974395,6.215806592924801,6.198422813521935
4423,21,20,10098.332209999999,2015,5,22,28,3,6,41,39.055024052161784,39.037113010977365,39.030689144757545
4424,20,11,506.2098107,2015,7,29,14,1,6,13,6.098848859539169,6.169225251582198,6.166357670246432
4425,17,18,688.4059453,2015,2,6,6,4,4,8,6.516820854384916,6.429149130635166,6.41014662850589
4426,18,21,628.8036587,2015,6,24,14,6,6,7,6.2673066529535735,6.202766271782256,6.182277976385452
4427,21,20,10098.332209999999,2015,6,26,27,5,6,37,39.054934384682284,39.01394206734544,39.00133772117614
4428,20,22,624.1703,2015,9,37,8,1,6,7,5.798694114403906,5.90253566852069,5.895250845449697
4429,22,11,234.4704,2015,8,34,22,5,6,2,4.897502158992767,4.911488436492685,4.895055416296229
4430,18,21,628.8036587,2015,5,21,21,3,6,6,6.246504558186592,6.230988482567794,6.220254530150855
4431,21,20,10098.332209999999,2015,2,6,6,4,6,41,39.17466691317461,39.06127835321078,39.05234128159581
4432,20,11,506.2098107,2015,7,29,19,6,6,9,6.152852602245792,6.118572139135335,6.100324738021817
4433,18,21,628.8036587,2015,7,28,10,4,6,7,6.223162850317662,6.2188054562527615,6.203823362042536
4434,21,20,10098.332209999999,2015,10,43,20,1,6,38,38.913173436581026,39.03512168364436,39.03397053484627
4435,20,22,624.1703,2015,3,11,12,3,6,4,5.97232690825196,5.912516049842619,5.899489162313456
4436,22,11,234.4704,2015,12,50,13,6,6,5,4.819835967303279,4.887094295680489,4.866236754002665
4437,16,20,5254.9012060000005,2018,1,3,21,6,3,22,22.388084090261188,22.23188833360234,22.220378562616943
4438,20,11,506.2098107,2018,2,7,15,3,6,10,6.277145307304659,6.190044609520433,6.197762990595789
4439,16,20,5254.9012060000005,2017,1,3,16,0,3,22,22.313643518528927,22.286776814927016,22.287653460019563
4440,20,22,624.1703,2017,10,40,2,0,6,7,5.789607389036393,5.917439921930299,5.920523124209408
4441,22,11,234.4704,2017,2,8,23,3,6,3,5.044650696670795,4.969844729430022,4.970260711849919
4442,15,20,5254.9634,2016,12,52,31,5,2,21,22.01331793544516,22.12182246110215,22.09574749539322
4443,20,11,506.2098107,2017,1,4,23,0,6,12,6.246707132053368,6.21237156669441,6.223774923094274
4444,15,20,5254.9634,2017,5,20,17,2,2,25,22.18530740003446,22.20273197966224,22.19201406550313
4445,20,22,624.1703,2017,6,24,13,1,6,7,5.88887507780853,5.921572817763749,5.922928613613129
4446,22,11,234.4704,2017,6,26,26,0,6,2,4.901897201423472,4.973189644193681,4.98124640973179
4447,19,23,4247.728669,2015,8,35,28,4,5,17,18.406811488426534,18.441805970733963,18.42476031316768
4448,23,20,644.2606097,2015,9,38,19,5,6,6,5.631668083060665,5.662259513195599,5.641638189364281
4449,20,11,506.2098107,2015,1,2,10,5,6,9,6.306727587148375,6.167960828826331,6.1545528801048786
4450,11,13,134.246,2015,10,42,16,4,6,8,5.808040039994276,5.861972062571256,5.855685354500375
4451,13,12,335.4135659,2015,10,44,30,4,6,7,6.291478435183349,6.358708169008338,6.352376771501335
4452,19,23,4247.728669,2018,7,27,8,6,5,19,18.514269600398173,18.454583435455678,18.44392786056664
4453,23,20,644.2606097,2018,8,35,31,4,6,7,5.656268880882562,5.680032068706673,5.677518214793382
4454,20,22,624.1703,2018,9,37,13,3,6,7,5.844097006992785,5.892086013246226,5.893154317113398
4455,22,11,234.4704,2018,9,39,26,2,6,6,4.857119130607728,4.943702839676159,4.951472113232063
4456,11,13,134.246,2018,8,32,10,4,6,7,5.896256933026217,5.889074122108454,5.896970949500089
4457,13,12,335.4135659,2018,10,42,21,6,6,6,6.357063355182538,6.358417224405381,6.359443155686881
4458,17,18,688.4059453,2015,2,7,13,4,4,9,6.506729840679762,6.424069775299412,6.405565172244964
4459,18,21,628.8036587,2015,2,9,26,3,6,8,6.314982615837492,6.244967025947574,6.236787428390345
4460,21,20,10098.332209999999,2015,12,49,3,3,6,37,38.910723490958574,39.0178873901757,39.00891423655395
4461,20,11,506.2098107,2015,4,17,24,4,6,12,6.19802688083181,6.15018720378373,6.139411736068743
4462,11,13,134.246,2015,12,49,5,5,6,7,5.7846983321253465,5.849789036256226,5.839254186392056
4463,13,12,335.4135659,2015,5,22,25,0,6,5,6.378615573221312,6.426562586613329,6.4329163563430765
4464,17,18,688.4059453,2017,8,32,9,2,4,8,6.354799952585433,6.419147999840762,6.412471725305144
4465,18,21,628.8036587,2017,9,38,20,2,6,4,6.1521623117223445,6.2270049293463785,6.227549144314041
4466,21,20,10098.332209999999,2017,9,39,30,5,6,41,38.993084051321496,39.002737590287836,38.998363999585955
4467,20,22,624.1703,2017,11,46,16,3,6,5,5.780136442687917,5.873979645137505,5.8688022016612305
4468,22,11,234.4704,2017,11,48,27,0,6,6,4.771557069220211,4.94585771654618,4.953533170669742
4469,11,13,134.246,2017,9,37,12,1,6,7,5.822436428650638,5.905581681976088,5.917106380615456
4470,13,12,335.4135659,2017,12,51,22,4,6,5,6.271501293795021,6.360572101275402,6.361504213124563
4471,18,21,628.8036587,2019,2,8,21,3,6,7,6.3585111055331875,6.265753224599166,6.277650150471738
4472,21,20,10098.332209999999,2019,6,23,3,0,6,41,39.06464115908166,39.0955400891154,39.117396288004
4473,20,11,506.2098107,2019,4,17,22,0,6,9,6.1882613626570535,6.206416537057059,6.228519347668906
4474,11,13,134.246,2019,7,27,5,4,6,6,5.9376751917778225,5.902958429708939,5.9164552777194945
4475,13,12,335.4135659,2019,5,20,19,6,6,7,6.497039567870106,6.391644405664438,6.399121016015853
4476,18,21,628.8036587,2017,9,35,2,5,6,6,6.214837598461775,6.211851127885518,6.201673753762046
4477,21,20,10098.332209999999,2017,2,8,21,1,6,37,39.136247955162254,39.08542784610012,39.09515015169535
4478,20,22,624.1703,2017,5,18,4,3,6,4,5.9523497668636285,5.914379982109683,5.908616603936688
4479,22,11,234.4704,2017,4,15,15,5,6,3,5.030407455360956,4.944906356915488,4.936763884214271
4480,11,13,134.246,2017,4,17,24,0,6,8,5.921793784902269,5.932885521441456,5.94886329360058
4481,13,12,335.4135659,2017,8,31,5,5,6,4,6.411133037387765,6.385022418451863,6.382235527571977
4482,16,20,5254.9012060000005,2016,3,12,26,5,3,21,22.301984414948457,22.2153926106613,22.19340933926037
4483,20,11,506.2098107,2016,4,16,19,1,6,13,6.1802448834506,6.1836795090687655,6.184000353684143
4484,11,13,134.246,2016,8,31,5,4,6,6,5.887075785762752,5.88236297022109,5.877623163227172
4485,13,12,335.4135659,2016,5,20,20,4,6,6,6.446529829334532,6.394219889808509,6.389640325104933
4486,16,20,5254.9012060000005,2019,1,3,20,6,3,23,22.3977201707455,22.237783587213897,22.232343183883863
4487,20,22,624.1703,2019,2,7,15,4,6,6,6.040809720319318,5.9249390548874565,5.931290702004171
4488,22,11,234.4704,2019,2,9,27,2,6,6,5.043031095392939,4.986686503806759,5.002815084567759
4489,11,13,134.246,2019,11,44,3,6,6,9,5.861569875915622,5.864666672926683,5.8717781092612835
4490,13,12,335.4135659,2019,3,13,26,1,6,7,6.477178281573737,6.4443499219369595,6.468378529903864
4491,15,20,5254.9634,2015,2,8,20,4,2,23,22.261221639746097,22.192532941970555,22.169781767566143
4492,20,11,506.2098107,2015,3,12,17,1,6,11,6.197406813475132,6.1885681252407725,6.186551202355998
4493,11,13,134.246,2015,3,10,4,2,6,7,5.981194172640597,5.926855705030418,5.92678071689844
4494,13,12,335.4135659,2015,4,16,16,3,6,8,6.453742151808852,6.410551490324954,6.407327296762917
4495,15,20,5254.9634,2019,1,1,6,6,2,21,22.368224818496884,22.206126304968077,22.19633247997109
4496,20,22,624.1703,2019,6,26,24,0,6,7,5.877164462825521,5.933335236804734,5.950901530070043
4497,22,11,234.4704,2019,7,27,7,6,6,4,4.9937045892022365,4.935212421979583,4.934812715146107
4498,11,13,134.246,2019,7,29,17,2,6,9,5.89589166728487,5.913060964016177,5.933705538087493
4499,13,12,335.4135659,2019,1,2,8,1,6,5,6.553387074786832,6.469344470815759,6.4937880096933664
